number_xy,number_combination_features,name_data_set,number_combination_kNp,k,N,p,group_dates_train_test,number_dates_train_test,rmse_train,rmse_test,number_hyp_par_grid_nn,nlayers,nneurons_one,nneurons_two,act_function_one,act_function_two,optimizer,learning_rate,loss_function,nepochs
001,002,base,001,0,7,7,002,001,11.023421069323636,3.2656077665122334,003,2,16,8,relu,relu,adam,5e-4,mse,10
001,002,base,002,0,7,14,002,001,12.644438793545104,2.4835068738604904,003,2,16,16,relu,relu,adam,5e-4,mse,10
001,002,base,003,0,7,21,002,001,11.635255355153735,3.618963599393846,003,2,16,8,relu,relu,adam,5e-4,mse,10
001,002,base,004,0,7,28,002,001,9.680937920671482,3.8405628308893576,003,2,16,8,relu,relu,adam,5e-4,mse,10
001,002,base,005,0,7,35,002,001,6.166627460930393,4.056204217731674,003,2,16,16,relu,relu,adam,5e-4,mse,10
001,002,base,006,7,7,7,002,001,13.42180428303618,1.9700966690215307,003,1,16,0,relu,none,adam,5e-4,mse,10
001,002,base,007,7,7,14,002,001,14.01105899528352,2.5071346051812116,003,2,16,8,relu,relu,adam,5e-4,mse,10
001,002,base,008,7,7,21,002,001,8.57562102051387,4.668168351874228,003,2,16,8,relu,relu,adam,5e-4,mse,10
001,002,base,009,7,7,28,002,001,6.648844591714917,3.3768813990747684,003,2,16,8,relu,relu,adam,5e-4,mse,10
001,002,base,010,7,7,35,002,001,5.730392921915534,2.0635752565187477,003,2,16,8,relu,relu,adam,5e-4,mse,10
001,002,base,011,14,7,7,002,001,13.515948464369943,2.79598178396439,003,1,16,0,relu,none,adam,5e-4,mse,10
001,002,base,012,14,7,14,002,001,11.973458606062279,2.871553741478565,003,1,16,0,relu,none,adam,5e-4,mse,10
001,002,base,013,14,7,21,002,001,9.555031683568622,2.744212590370433,003,2,16,8,relu,relu,adam,5e-4,mse,10
001,002,base,014,14,7,28,002,001,5.083657066747481,2.8681979231920205,003,2,16,8,relu,relu,adam,5e-4,mse,10
001,002,base,015,14,7,35,002,001,3.411456617859006,2.6678882117392604,003,1,16,0,relu,none,adam,5e-4,mse,10
001,002,base,016,21,7,7,002,001,12.531193244230733,3.0348561480881084,003,2,16,8,relu,relu,adam,5e-4,mse,10
001,002,base,017,21,7,14,002,001,8.988258573361689,3.0047965105077696,003,2,16,16,relu,relu,adam,5e-4,mse,10
001,002,base,018,21,7,21,002,001,4.931825419183807,2.935238633492254,003,2,32,8,relu,relu,adam,5e-4,mse,10
001,002,base,019,21,7,28,002,001,2.4547679609736073,2.8952627111465308,003,1,16,0,relu,none,adam,0.001,mse,10
001,002,base,020,21,7,35,002,001,1.0789124415376257,2.808640623044365,003,1,32,0,relu,none,adam,0.005,mse,50
001,002,base,021,28,7,7,002,001,6.978970878562023,4.461531801980837,003,2,32,32,relu,relu,adam,5e-4,mse,10
001,002,base,022,28,7,14,002,001,4.128756075872808,4.398730694162348,003,2,32,8,relu,relu,adam,0.001,mse,10
001,002,base,023,28,7,21,002,001,1.6501254497809617,4.36346373541359,003,1,64,0,relu,none,adam,0.002,mse,10
001,002,base,024,28,7,28,002,001,2.3089572537796954,4.324919068723267,003,2,32,16,relu,relu,adam,0.002,mse,10
001,002,base,025,28,7,35,002,001,1.3802242998109606,4.253707160939828,003,1,64,0,relu,none,adam,0.005,mse,50
001,002,base,001,0,7,7,002,002,3.4631594351053745,18.841077726773918,003,2,32,16,relu,relu,adam,0.005,mse,10
001,002,base,002,0,7,14,002,002,2.7157759219048674,23.304933294534347,003,2,16,32,relu,relu,adam,0.005,mse,10
001,002,base,003,0,7,21,002,002,2.7445265852069944,28.81645663431413,003,1,16,0,relu,none,adam,0.005,mse,10
001,002,base,004,0,7,28,002,002,2.273679525233417,35.061259044233985,003,1,32,0,relu,none,adam,0.005,mse,10
001,002,base,005,0,7,35,002,002,1.0876113869931774,37.93185747180403,003,2,32,8,relu,relu,adam,0.005,mse,50
001,002,base,006,7,7,7,002,002,3.885132843694266,31.393190183725018,003,2,32,32,relu,relu,adam,0.005,mse,10
001,002,base,007,7,7,14,002,002,2.862026859530669,37.35346164363209,003,2,16,32,relu,relu,adam,0.005,mse,10
001,002,base,008,7,7,21,002,002,2.2780145261606703,41.784982989754305,003,2,16,8,relu,relu,adam,0.005,mse,25
001,002,base,009,7,7,28,002,002,1.1584981664359473,43.060978376870636,003,2,64,8,relu,relu,adam,0.005,mse,50
001,002,base,010,7,7,35,002,002,1.0046353214458124,45.585153172700934,003,2,32,16,relu,relu,adam,0.005,mse,50
001,002,base,011,14,7,7,002,002,3.4466810201636107,45.00961190120384,003,2,16,32,relu,relu,adam,0.005,mse,10
001,002,base,012,14,7,14,002,002,2.0739964672069178,47.931270176032186,003,2,32,32,relu,relu,adam,0.005,mse,25
001,002,base,013,14,7,21,002,002,1.2911463236443321,48.73300783012509,003,2,32,16,relu,relu,adam,0.005,mse,50
001,002,base,014,14,7,28,002,002,0.9594386679673115,50.6923766085475,003,2,64,8,relu,relu,adam,0.005,mse,50
001,002,base,015,14,7,35,002,002,0.9100575165617405,52.627397014962874,003,2,64,8,relu,relu,adam,0.005,mse,50
001,002,base,016,21,7,7,002,002,2.153161692036714,51.27059423548651,003,2,64,32,relu,relu,adam,0.005,mse,50
001,002,base,017,21,7,14,002,002,1.2860996418880903,52.039158858959134,003,2,64,32,relu,relu,adam,0.005,mse,50
001,002,base,018,21,7,21,002,002,1.1215736825920406,55.05763040621369,003,2,32,32,relu,relu,adam,0.005,mse,25
001,002,base,019,21,7,28,002,002,1.016168915603186,57.54977382732105,003,2,32,32,relu,relu,adam,0.005,mse,25
001,002,base,020,21,7,35,002,002,0.8987629920398106,59.20471310823704,003,1,64,0,relu,none,adam,0.005,mse,50
001,002,base,021,28,7,7,002,002,1.1600474924197037,53.23731501622368,003,2,64,32,relu,relu,adam,0.005,mse,50
001,002,base,022,28,7,14,002,002,0.860721881022664,57.48420795914615,003,2,32,32,relu,relu,adam,0.005,mse,50
001,002,base,023,28,7,21,002,002,0.9556220794126099,59.32976478279222,003,2,16,32,relu,relu,adam,0.005,mse,50
001,002,base,024,28,7,28,002,002,0.9355424417526241,60.79693198537119,003,2,64,8,relu,relu,adam,0.005,mse,50
001,002,base,025,28,7,35,002,002,1.5499117146468844,64.28419046731648,003,1,16,0,relu,none,adam,0.001,mse,10
001,002,base,001,0,7,7,002,003,10.054441090305161,7.867682416457113,003,1,32,0,relu,none,adam,0.005,mse,10
001,002,base,002,0,7,14,002,003,10.821549029686816,7.502143962388198,003,1,32,0,relu,none,adam,0.005,mse,10
001,002,base,003,0,7,21,002,003,11.460704754816119,7.891795572671162,003,1,16,0,relu,none,adam,0.005,mse,10
001,002,base,004,0,7,28,002,003,11.955480866824079,7.252272533064871,003,1,16,0,relu,none,adam,0.001,mse,25
001,002,base,005,0,7,35,002,003,10.810116394813974,6.866831637411046,003,2,32,8,relu,relu,adam,0.005,mse,10
001,002,base,006,7,7,7,002,003,16.849400145444672,8.82685767099151,003,1,32,0,relu,none,adam,0.005,mse,10
001,002,base,007,7,7,14,002,003,19.542521466497817,10.479724425521926,003,1,32,0,relu,none,adam,0.002,mse,10
001,002,base,008,7,7,21,002,003,17.78318529819078,11.151755988878575,003,1,32,0,relu,none,adam,0.001,mse,25
001,002,base,009,7,7,28,002,003,18.589793780423236,10.399423706202507,003,1,32,0,relu,none,adam,0.001,mse,25
001,002,base,010,7,7,35,002,003,16.42822119292429,9.417274771674732,003,1,32,0,relu,none,adam,0.005,mse,10
001,002,base,011,14,7,7,002,003,25.48186067581635,12.495187643455905,003,1,16,0,relu,none,adam,0.002,mse,25
001,002,base,012,14,7,14,002,003,27.136238187883443,13.543372361005407,003,1,32,0,relu,none,adam,0.002,mse,10
001,002,base,013,14,7,21,002,003,28.391995519756083,14.328770435242305,003,1,16,0,relu,none,adam,0.002,mse,10
001,002,base,014,14,7,28,002,003,28.365021489457444,18.271906193772633,003,1,16,0,relu,none,adam,0.001,mse,25
001,002,base,015,14,7,35,002,003,31.41682519573269,19.39382872578487,003,1,16,0,relu,none,adam,5e-4,mse,10
001,002,base,016,21,7,7,002,003,29.823846650510475,14.787761445165385,003,1,16,0,relu,none,adam,0.001,mse,25
001,002,base,017,21,7,14,002,003,31.663910885689187,16.001348159243015,003,1,16,0,relu,none,adam,0.001,mse,10
001,002,base,018,21,7,21,002,003,33.70355966693193,19.20636829291036,003,1,16,0,relu,none,adam,0.001,mse,10
001,002,base,019,21,7,28,002,003,33.989414639035346,22.221009842412556,003,1,32,0,relu,none,adam,5e-4,mse,10
001,002,base,020,21,7,35,002,003,34.54724571410374,22.89403210610768,003,1,16,0,relu,none,adam,5e-4,mse,10
001,002,base,021,28,7,7,002,003,32.59067787177419,15.421956491937495,003,1,32,0,relu,none,adam,5e-4,mse,10
001,002,base,022,28,7,14,002,003,33.578774915987026,17.393603317538613,003,2,16,16,relu,relu,adam,5e-4,mse,10
001,002,base,023,28,7,21,002,003,34.60406719796674,19.960996566621255,003,1,32,0,relu,none,adam,5e-4,mse,10
001,002,base,024,28,7,28,002,003,35.533587997343844,23.613901385662366,003,2,16,16,relu,relu,adam,5e-4,mse,10
001,002,base,025,28,7,35,002,003,23.341494138269685,14.904509847882926,003,1,64,0,relu,none,adam,0.001,mse,50
001,002,base,001,0,7,7,002,004,11.034518721095228,9.026604390708872,003,2,64,8,relu,relu,adam,5e-4,mse,10
001,002,base,002,0,7,14,002,004,10.113171287863517,10.376664252609167,003,2,16,8,relu,relu,adam,0.002,mse,10
001,002,base,003,0,7,21,002,004,11.083775522844496,10.919119349228355,003,2,16,8,relu,relu,adam,0.002,mse,10
001,002,base,004,0,7,28,002,004,10.129859292635654,11.507951053956521,003,2,32,8,relu,relu,adam,0.002,mse,10
001,002,base,005,0,7,35,002,004,12.391720699100583,11.38547418149741,003,2,16,32,relu,relu,adam,0.001,mse,10
001,002,base,006,7,7,7,002,004,14.26114721129205,12.508293887223882,003,2,16,32,relu,relu,adam,0.001,mse,10
001,002,base,007,7,7,14,002,004,19.64949687778497,12.752125277846844,003,2,16,8,relu,relu,adam,5e-4,mse,10
001,002,base,008,7,7,21,002,004,17.709164654245015,13.557411275490514,003,2,16,8,relu,relu,adam,5e-4,mse,10
001,002,base,009,7,7,28,002,004,16.510770017998762,14.929776970415709,003,2,16,32,relu,relu,adam,0.001,mse,10
001,002,base,010,7,7,35,002,004,16.44359528941015,15.429368368923475,003,1,16,0,relu,none,adam,5e-4,mse,25
001,002,base,011,14,7,7,002,004,21.87594110797428,13.935086648195542,003,1,16,0,relu,none,adam,5e-4,mse,10
001,002,base,012,14,7,14,002,004,20.50633423967379,16.101968510933176,003,2,16,8,relu,relu,adam,5e-4,mse,10
001,002,base,013,14,7,21,002,004,19.84526167124976,17.383326966947372,003,2,16,8,relu,relu,adam,0.001,mse,10
001,002,base,014,14,7,28,002,004,21.434187549811845,16.966310211835893,003,2,16,8,relu,relu,adam,5e-4,mse,10
001,002,base,015,14,7,35,002,004,20.29567104771031,17.645046966198425,003,2,16,8,relu,relu,adam,5e-4,mse,25
001,002,base,016,21,7,7,002,004,23.78232328832355,16.40357973456557,003,2,16,8,relu,relu,adam,5e-4,mse,10
001,002,base,017,21,7,14,002,004,22.970293473455264,17.60484868057291,003,2,16,8,relu,relu,adam,5e-4,mse,10
001,002,base,018,21,7,21,002,004,22.897396745358513,18.339348072005894,003,2,16,8,relu,relu,adam,5e-4,mse,10
001,002,base,019,21,7,28,002,004,22.62573196355323,19.29626621141117,003,2,64,8,relu,relu,adam,5e-4,mse,10
001,002,base,020,21,7,35,002,004,23.901152280604556,21.14014878611771,003,2,16,8,relu,relu,adam,5e-4,mse,10
001,002,base,021,28,7,7,002,004,24.44758214883218,18.773132148559295,003,2,16,8,relu,relu,adam,5e-4,mse,10
001,002,base,022,28,7,14,002,004,24.592926282205223,19.70096539411855,003,2,16,8,relu,relu,adam,5e-4,mse,10
001,002,base,023,28,7,21,002,004,25.021791716269053,21.956184795462953,003,2,16,8,relu,relu,adam,5e-4,mse,10
001,002,base,024,28,7,28,002,004,24.993319814564348,22.684994337240887,003,2,32,8,relu,relu,adam,5e-4,mse,10
001,002,base,025,28,7,35,002,004,22.871032710849754,23.731667615111917,003,2,64,8,relu,relu,adam,0.001,mse,10
001,002,base,001,0,7,7,002,005,9.529527097512121,7.462067878368582,003,2,32,32,relu,relu,adam,5e-4,mse,10
001,002,base,002,0,7,14,002,005,10.629063716751011,9.178132632655304,003,2,16,8,relu,relu,adam,0.001,mse,10
001,002,base,003,0,7,21,002,005,9.862540533788753,9.475854829005556,003,2,64,8,relu,relu,adam,0.001,mse,10
001,002,base,004,0,7,28,002,005,9.142993623764317,9.764643087345418,003,2,64,8,relu,relu,adam,0.002,mse,10
001,002,base,005,0,7,35,002,005,9.489745780613735,9.337857168986282,003,1,16,0,relu,none,adam,5e-4,mse,50
001,002,base,006,7,7,7,002,005,14.834984601863784,11.575032100438005,003,2,16,32,relu,relu,adam,5e-4,mse,10
001,002,base,007,7,7,14,002,005,15.11975504015614,12.924575319088275,003,2,16,32,relu,relu,adam,5e-4,mse,10
001,002,base,008,7,7,21,002,005,15.75652513758359,13.623336919639257,003,2,32,8,relu,relu,adam,5e-4,mse,10
001,002,base,009,7,7,28,002,005,14.239754413577161,13.625346799164332,003,2,16,32,relu,relu,adam,5e-4,mse,25
001,002,base,010,7,7,35,002,005,14.779554302431531,13.371302310445001,003,2,16,8,relu,relu,adam,0.002,mse,10
001,002,base,011,14,7,7,002,005,19.108765382070278,13.218104192667326,003,2,16,8,relu,relu,adam,5e-4,mse,10
001,002,base,012,14,7,14,002,005,18.031059041742736,15.186571997874253,003,2,16,8,relu,relu,adam,0.001,mse,10
001,002,base,013,14,7,21,002,005,18.721613275274017,15.781216333306931,003,2,16,8,relu,relu,adam,0.001,mse,10
001,002,base,014,14,7,28,002,005,19.227364774041916,16.10927976371522,003,2,16,32,relu,relu,adam,5e-4,mse,10
001,002,base,015,14,7,35,002,005,18.278132316631357,16.84226708073777,003,2,64,8,relu,relu,adam,5e-4,mse,10
001,002,base,016,21,7,7,002,005,20.494234742869992,15.76078175834561,003,2,16,32,relu,relu,adam,5e-4,mse,10
001,002,base,017,21,7,14,002,005,21.117507777575216,17.19130943900683,003,2,16,16,relu,relu,adam,5e-4,mse,10
001,002,base,018,21,7,21,002,005,21.173913200586362,17.82802411107822,003,2,16,8,relu,relu,adam,0.001,mse,10
001,002,base,019,21,7,28,002,005,21.91280419181682,18.08257155002074,003,2,16,8,relu,relu,adam,5e-4,mse,10
001,002,base,020,21,7,35,002,005,22.232272937725025,18.86757951045742,003,2,16,8,relu,relu,adam,5e-4,mse,10
001,002,base,021,28,7,7,002,005,22.80010749686577,16.1844853213952,003,2,16,8,relu,relu,adam,5e-4,mse,10
001,002,base,022,28,7,14,002,005,22.951723219867503,17.517861405888002,003,2,16,8,relu,relu,adam,5e-4,mse,10
001,002,base,023,28,7,21,002,005,23.350630454177317,18.148126358258573,003,2,16,8,relu,relu,adam,5e-4,mse,10
001,002,base,024,28,7,28,002,005,23.908235943071514,19.09459774177008,003,2,16,8,relu,relu,adam,5e-4,mse,10
001,002,base,025,28,7,35,002,005,23.547949964884644,20.79551169938385,003,2,16,16,relu,relu,adam,5e-4,mse,10
001,002,base,001,0,7,7,002,006,8.957993782751918,12.902145141377103,003,1,16,0,relu,none,adam,0.005,mse,10
001,002,base,002,0,7,14,002,006,9.178323510096336,12.15107095490472,003,1,16,0,relu,none,adam,0.005,mse,10
001,002,base,003,0,7,21,002,006,9.096096686952361,12.098381786907572,003,1,16,0,relu,none,adam,0.001,mse,25
001,002,base,004,0,7,28,002,006,8.745999095588866,12.497662393107541,003,1,32,0,relu,none,adam,0.002,mse,10
001,002,base,005,0,7,35,002,006,8.992298047041766,12.716847890274476,003,1,64,0,relu,none,adam,0.001,mse,10
001,002,base,006,7,7,7,002,006,15.377402336652812,16.929421187978622,003,1,16,0,relu,none,adam,5e-4,mse,10
001,002,base,007,7,7,14,002,006,12.713542321319052,16.904517869906005,003,1,64,0,relu,none,adam,0.005,mse,10
001,002,base,008,7,7,21,002,006,8.393272689113683,16.606697719728974,003,1,64,0,relu,none,adam,0.005,mse,50
001,002,base,009,7,7,28,002,006,9.589284527754801,16.221393608221828,003,2,64,32,relu,relu,adam,0.005,mse,50
001,002,base,010,7,7,35,002,006,8.698961485527496,14.124524578923946,003,2,64,32,relu,relu,adam,0.005,mse,50
001,002,base,011,14,7,7,002,006,18.382736862590306,20.379124629414203,003,1,16,0,relu,none,adam,5e-4,mse,10
001,002,base,012,14,7,14,002,006,16.941153547557537,21.243889342719505,003,1,16,0,relu,none,adam,0.002,mse,10
001,002,base,013,14,7,21,002,006,16.276703794066318,21.664203477986153,003,1,16,0,relu,none,adam,0.005,mse,10
001,002,base,014,14,7,28,002,006,10.505579397857273,17.957914085349273,003,2,64,32,relu,relu,adam,0.005,mse,50
001,002,base,015,14,7,35,002,006,11.714444619683924,17.094513137108613,003,2,64,32,relu,relu,adam,0.005,mse,50
001,002,base,016,21,7,7,002,006,19.155191672047614,23.22910241569192,003,1,64,0,relu,none,adam,0.005,mse,10
001,002,base,017,21,7,14,002,006,20.18829640779239,24.093049526333886,003,1,16,0,relu,none,adam,5e-4,mse,10
001,002,base,018,21,7,21,002,006,19.531794260182036,25.282623145552424,003,1,16,0,relu,none,adam,5e-4,mse,25
001,002,base,019,21,7,28,002,006,13.926772282576959,21.175776511900654,003,1,64,0,relu,none,adam,0.005,mse,50
001,002,base,020,21,7,35,002,006,14.344824949293615,19.77919776449878,003,1,64,0,relu,none,adam,0.005,mse,50
001,002,base,021,28,7,7,002,006,21.662593278969045,29.91929706732926,003,1,16,0,relu,none,adam,5e-4,mse,10
001,002,base,022,28,7,14,002,006,21.84710365268512,29.61528158820101,003,2,16,8,relu,relu,adam,5e-4,mse,10
001,002,base,023,28,7,21,002,006,21.693892609002454,29.989298225554208,003,1,32,0,relu,none,adam,5e-4,mse,10
001,002,base,024,28,7,28,002,006,21.12264087337542,27.92012400355662,003,1,64,0,relu,none,adam,5e-4,mse,10
001,002,base,025,28,7,35,002,006,20.9838019338387,26.35200247677909,003,1,64,0,relu,none,adam,5e-4,mse,10
001,002,base,001,0,7,7,002,007,8.9959223573578,13.687680882023768,003,2,16,16,relu,relu,adam,0.005,mse,25
001,002,base,002,0,7,14,002,007,8.437900956719966,13.165596362755943,003,2,32,16,relu,relu,adam,0.001,mse,50
001,002,base,003,0,7,21,002,007,8.604993199108764,13.560871660914527,003,2,16,16,relu,relu,adam,0.002,mse,25
001,002,base,004,0,7,28,002,007,7.57603025063703,14.40373843250924,003,2,64,16,relu,relu,adam,5e-4,mse,50
001,002,base,005,0,7,35,002,007,7.584804676911536,16.091169367078265,003,2,64,8,relu,relu,adam,5e-4,mse,50
001,002,base,006,7,7,7,002,007,12.555996143955115,20.4506742251237,003,1,64,0,relu,none,adam,0.002,mse,50
001,002,base,007,7,7,14,002,007,12.149003008961479,22.621060343643723,003,2,64,16,relu,relu,adam,0.001,mse,25
001,002,base,008,7,7,21,002,007,11.522650338543562,24.296314908598557,003,2,16,16,relu,relu,adam,0.001,mse,50
001,002,base,009,7,7,28,002,007,11.724854129310076,27.003586649237867,003,2,64,16,relu,relu,adam,5e-4,mse,25
001,002,base,010,7,7,35,002,007,10.635263829862607,27.784594472833707,003,1,32,0,relu,none,adam,0.001,mse,50
001,002,base,011,14,7,7,002,007,16.06500329233356,35.708112257538914,003,1,32,0,relu,none,adam,0.002,mse,50
001,002,base,012,14,7,14,002,007,16.036680587237996,37.09398302424059,003,2,64,32,relu,relu,adam,0.002,mse,10
001,002,base,013,14,7,21,002,007,15.925220639252055,40.203719946910624,003,1,32,0,relu,none,adam,0.001,mse,25
001,002,base,014,14,7,28,002,007,16.24735878363349,41.67312339708677,003,1,32,0,relu,none,adam,0.002,mse,10
001,002,base,015,14,7,35,002,007,12.402064378682347,40.512189191895835,003,2,64,16,relu,relu,adam,5e-4,mse,50
001,002,base,016,21,7,7,002,007,18.971862162609874,49.43687035706605,003,1,64,0,relu,none,adam,0.001,mse,50
001,002,base,017,21,7,14,002,007,19.418774284548004,53.49132894607327,003,2,64,32,relu,relu,adam,0.001,mse,10
001,002,base,018,21,7,21,002,007,19.898623665668033,55.67212086748088,003,2,64,16,relu,relu,adam,5e-4,mse,10
001,002,base,019,21,7,28,002,007,19.8918823650517,55.48577526954963,003,1,64,0,relu,none,adam,5e-4,mse,10
001,002,base,020,21,7,35,002,007,18.374797583231125,55.279359578243756,003,1,64,0,relu,none,adam,5e-4,mse,25
001,002,base,021,28,7,7,002,007,20.966331643132627,61.32420569373266,003,1,32,0,relu,none,adam,0.005,mse,25
001,002,base,022,28,7,14,002,007,22.065012047308105,62.722290342746334,003,1,64,0,relu,none,adam,5e-4,mse,10
001,002,base,023,28,7,21,002,007,21.90379131652944,63.17072247094103,003,1,64,0,relu,none,adam,5e-4,mse,10
001,002,base,024,28,7,28,002,007,21.078366784458673,63.05267004112573,003,1,64,0,relu,none,adam,0.001,mse,10
001,002,base,025,28,7,35,002,007,21.81930694683332,61.789548678804415,003,1,32,0,relu,none,adam,5e-4,mse,10
001,002,base,001,0,7,7,002,008,10.769696742096402,16.620282038588545,003,2,32,32,relu,relu,adam,5e-4,mse,10
001,002,base,002,0,7,14,002,008,9.508117521459985,16.40488951755222,003,2,32,8,relu,relu,adam,0.002,mse,25
001,002,base,003,0,7,21,002,008,9.277128838453105,15.837050011502507,003,1,16,0,relu,none,adam,0.002,mse,50
001,002,base,004,0,7,28,002,008,8.558623700337609,16.075047653361395,003,2,32,8,relu,relu,adam,0.005,mse,50
001,002,base,005,0,7,35,002,008,8.80156722283243,16.70968506495054,003,2,32,8,relu,relu,adam,0.002,mse,50
001,002,base,006,7,7,7,002,008,13.995347995544995,24.768783391987405,003,2,16,32,relu,relu,adam,0.005,mse,50
001,002,base,007,7,7,14,002,008,13.771128514695445,24.92336898460817,003,2,32,8,relu,relu,adam,0.002,mse,50
001,002,base,008,7,7,21,002,008,13.877845228821885,25.457916498322028,003,2,16,8,relu,relu,adam,0.005,mse,50
001,002,base,009,7,7,28,002,008,15.05901161429392,25.76568004131495,003,2,16,32,relu,relu,adam,0.005,mse,50
001,002,base,010,7,7,35,002,008,15.103081425716354,26.100783938178182,003,2,16,16,relu,relu,adam,0.005,mse,50
001,002,base,011,14,7,7,002,008,19.32914660184604,26.730793571167595,003,2,64,16,relu,relu,adam,0.005,mse,50
001,002,base,012,14,7,14,002,008,19.132808895508592,29.033726430756456,003,2,16,32,relu,relu,adam,0.005,mse,50
001,002,base,013,14,7,21,002,008,20.16695313434982,29.318551990748873,003,2,16,16,relu,relu,adam,0.005,mse,50
001,002,base,014,14,7,28,002,008,19.8152517824854,28.6959410075323,003,2,16,32,relu,relu,adam,0.005,mse,50
001,002,base,015,14,7,35,002,008,19.268826380668905,28.857243669819756,003,2,16,32,relu,relu,adam,0.005,mse,50
001,002,base,016,21,7,7,002,008,24.08903278437254,25.659875238991468,003,2,16,32,relu,relu,adam,0.005,mse,50
001,002,base,017,21,7,14,002,008,24.223159625438274,28.865240539620277,003,2,16,32,relu,relu,adam,0.005,mse,25
001,002,base,018,21,7,21,002,008,24.20479011718325,27.828881505786253,003,2,64,8,relu,relu,adam,0.002,mse,50
001,002,base,019,21,7,28,002,008,24.85916134061769,27.765528516888413,003,2,16,32,relu,relu,adam,0.005,mse,25
001,002,base,020,21,7,35,002,008,23.324974488053634,27.039574294379342,003,2,16,32,relu,relu,adam,0.005,mse,25
001,002,base,021,28,7,7,002,008,27.507077642295577,27.64025961396041,003,2,16,8,relu,relu,adam,5e-4,mse,10
001,002,base,022,28,7,14,002,008,27.317197852470038,26.092557103477027,003,2,16,16,relu,relu,adam,0.002,mse,50
001,002,base,023,28,7,21,002,008,28.10029733300491,26.016772458930166,003,2,16,32,relu,relu,adam,0.005,mse,25
001,002,base,024,28,7,28,002,008,27.512772290523884,24.8487667966944,003,2,16,32,relu,relu,adam,0.005,mse,25
001,002,base,025,28,7,35,002,008,26.281524482167523,23.603547066129188,003,2,16,32,relu,relu,adam,0.005,mse,25
001,002,base,001,0,7,7,002,009,11.303098345384509,13.11328756865586,003,2,64,8,relu,relu,adam,0.005,mse,10
001,002,base,002,0,7,14,002,009,10.452609329346128,12.873926234393021,003,2,64,8,relu,relu,adam,0.005,mse,25
001,002,base,003,0,7,21,002,009,10.517302253150747,13.12439563882493,003,2,64,32,relu,relu,adam,0.002,mse,10
001,002,base,004,0,7,28,002,009,10.632038545002423,13.256550160392841,003,1,32,0,relu,none,adam,0.005,mse,25
001,002,base,005,0,7,35,002,009,10.610880725591036,13.255621923499309,003,1,32,0,relu,none,adam,0.005,mse,50
001,002,base,006,7,7,7,002,009,18.69156923260636,17.907077814674366,003,1,16,0,relu,none,adam,5e-4,mse,10
001,002,base,007,7,7,14,002,009,16.73378152765369,18.090994560416274,003,2,32,8,relu,relu,adam,0.005,mse,10
001,002,base,008,7,7,21,002,009,17.39567552663582,18.555532075237483,003,2,16,8,relu,relu,adam,0.002,mse,10
001,002,base,009,7,7,28,002,009,16.683734378249483,18.25404483475701,003,1,64,0,relu,none,adam,0.005,mse,25
001,002,base,010,7,7,35,002,009,17.077616686324827,17.511232379359672,003,2,64,32,relu,relu,adam,0.005,mse,25
001,002,base,011,14,7,7,002,009,23.50320125165063,20.920957621817255,003,1,16,0,relu,none,adam,5e-4,mse,10
001,002,base,012,14,7,14,002,009,22.18564206763222,21.145269689679058,003,1,16,0,relu,none,adam,0.001,mse,25
001,002,base,013,14,7,21,002,009,22.679126656534663,21.209758467237563,003,2,64,8,relu,relu,adam,5e-4,mse,10
001,002,base,014,14,7,28,002,009,21.572968036104708,20.04387450196522,003,1,64,0,relu,none,adam,0.002,mse,50
001,002,base,015,14,7,35,002,009,20.93069601390272,20.209532968540444,003,1,64,0,relu,none,adam,0.005,mse,50
001,002,base,016,21,7,7,002,009,27.630704116599507,22.911454603030112,003,2,16,8,relu,relu,adam,5e-4,mse,10
001,002,base,017,21,7,14,002,009,26.100718644217462,23.187277853864913,003,1,32,0,relu,none,adam,0.002,mse,10
001,002,base,018,21,7,21,002,009,26.56663956144911,22.313233857634977,003,2,64,16,relu,relu,adam,5e-4,mse,10
001,002,base,019,21,7,28,002,009,26.55486571401762,21.618492679736033,003,2,64,16,relu,relu,adam,0.005,mse,10
001,002,base,020,21,7,35,002,009,24.81755546451006,22.013948517302996,003,2,64,16,relu,relu,adam,0.005,mse,25
001,002,base,021,28,7,7,002,009,29.739262588805502,24.101380733185856,003,1,16,0,relu,none,adam,5e-4,mse,10
001,002,base,022,28,7,14,002,009,29.838028008412213,23.686588863173483,003,1,16,0,relu,none,adam,5e-4,mse,10
001,002,base,023,28,7,21,002,009,29.44133811159355,23.270826930260064,003,2,64,8,relu,relu,adam,5e-4,mse,10
001,002,base,024,28,7,28,002,009,30.259361676450833,23.195340409926654,003,1,16,0,relu,none,adam,5e-4,mse,10
001,002,base,025,28,7,35,002,009,30.373263935234597,23.886357569201625,003,2,16,16,relu,relu,adam,5e-4,mse,10
001,002,base,001,0,7,7,002,010,12.02203843609753,10.001946446855616,003,2,16,16,relu,relu,adam,5e-4,mse,10
001,002,base,002,0,7,14,002,010,11.110847575021264,11.758027408071097,003,2,64,8,relu,relu,adam,0.005,mse,50
001,002,base,003,0,7,21,002,010,11.11167451131542,11.313519319729158,003,1,32,0,relu,none,adam,0.002,mse,25
001,002,base,004,0,7,28,002,010,10.860348935695303,10.951415706788433,003,2,32,8,relu,relu,adam,0.005,mse,25
001,002,base,005,0,7,35,002,010,11.126448553550217,11.26106273255522,003,2,32,32,relu,relu,adam,0.001,mse,25
001,002,base,006,7,7,7,002,010,18.272513380737404,15.08707632838849,003,2,16,8,relu,relu,adam,5e-4,mse,10
001,002,base,007,7,7,14,002,010,18.448837561255353,16.647849666429174,003,1,64,0,relu,none,adam,0.005,mse,50
001,002,base,008,7,7,21,002,010,17.277168417569722,14.312355520604054,003,1,64,0,relu,none,adam,0.005,mse,10
001,002,base,009,7,7,28,002,010,16.61998027939739,14.62651363503972,003,2,16,32,relu,relu,adam,0.005,mse,25
001,002,base,010,7,7,35,002,010,16.636737251757307,13.942999127545136,003,2,16,8,relu,relu,adam,0.005,mse,25
001,002,base,011,14,7,7,002,010,24.17064953386206,18.350928521324946,003,2,64,32,relu,relu,adam,0.002,mse,50
001,002,base,012,14,7,14,002,010,23.88257042345955,16.777814141907367,003,1,64,0,relu,none,adam,0.002,mse,50
001,002,base,013,14,7,21,002,010,22.34425544301818,17.28652115563974,003,2,64,8,relu,relu,adam,5e-4,mse,50
001,002,base,014,14,7,28,002,010,22.264767533854346,17.787601351534164,003,2,64,8,relu,relu,adam,0.001,mse,25
001,002,base,015,14,7,35,002,010,22.091539420299785,16.42844727934068,003,2,32,16,relu,relu,adam,0.001,mse,25
001,002,base,016,21,7,7,002,010,29.499364951600466,16.578858520518853,003,2,64,32,relu,relu,adam,0.002,mse,50
001,002,base,017,21,7,14,002,010,28.95104701426726,19.20958039698907,003,2,64,8,relu,relu,adam,0.001,mse,50
001,002,base,018,21,7,21,002,010,28.138346117659253,20.471593646886898,003,2,32,8,relu,relu,adam,0.001,mse,50
001,002,base,019,21,7,28,002,010,27.794889330076938,21.12580349666564,003,1,64,0,relu,none,adam,5e-4,mse,50
001,002,base,020,21,7,35,002,010,27.26765664220264,21.00154669879253,003,1,64,0,relu,none,adam,0.001,mse,25
001,002,base,021,28,7,7,002,010,33.34874554919989,20.46261079580432,003,2,64,32,relu,relu,adam,0.001,mse,50
001,002,base,022,28,7,14,002,010,34.729596051246695,23.895373059734762,003,1,64,0,relu,none,adam,0.005,mse,25
001,002,base,023,28,7,21,002,010,32.259807733187174,26.090028635449713,003,1,32,0,relu,none,adam,0.001,mse,50
001,002,base,024,28,7,28,002,010,32.388071800023596,28.68614653171097,003,1,64,0,relu,none,adam,5e-4,mse,50
001,002,base,025,28,7,35,002,010,30.772598157241063,29.92031801850404,003,2,32,8,relu,relu,adam,0.001,mse,25
001,002,base,001,0,7,7,002,011,11.917448817762473,5.7874887363631,003,2,16,8,relu,relu,adam,5e-4,mse,10
001,002,base,002,0,7,14,002,011,11.589801306442709,5.278976883975681,003,2,16,16,relu,relu,adam,0.001,mse,10
001,002,base,003,0,7,21,002,011,12.689919092643516,5.246406657010853,003,1,16,0,relu,none,adam,5e-4,mse,10
001,002,base,004,0,7,28,002,011,12.330723500774464,5.36893498479294,003,2,16,16,relu,relu,adam,5e-4,mse,10
001,002,base,005,0,7,35,002,011,12.597854191901487,5.349861298321665,003,2,16,32,relu,relu,adam,5e-4,mse,10
001,002,base,006,7,7,7,002,011,16.566201445106948,6.152043091339924,003,2,64,16,relu,relu,adam,0.005,mse,10
001,002,base,007,7,7,14,002,011,18.050451825181295,5.499548714813719,003,2,16,8,relu,relu,adam,5e-4,mse,10
001,002,base,008,7,7,21,002,011,18.48928309310764,5.47617094602902,003,2,16,8,relu,relu,adam,5e-4,mse,10
001,002,base,009,7,7,28,002,011,18.191751272697175,5.338496702986606,003,2,16,8,relu,relu,adam,5e-4,mse,10
001,002,base,010,7,7,35,002,011,18.729619913683354,5.202060196489576,003,2,16,8,relu,relu,adam,5e-4,mse,10
001,002,base,011,14,7,7,002,011,21.245998668148584,5.4949975657156775,003,2,16,16,relu,relu,adam,0.002,mse,10
001,002,base,012,14,7,14,002,011,21.98006296082038,4.847054047625206,003,2,16,32,relu,relu,adam,5e-4,mse,10
001,002,base,013,14,7,21,002,011,22.262855379718154,4.848641041719583,003,2,16,32,relu,relu,adam,5e-4,mse,10
001,002,base,014,14,7,28,002,011,22.23959075958693,4.755133627035272,003,2,16,32,relu,relu,adam,5e-4,mse,10
001,002,base,015,14,7,35,002,011,21.285044776824908,6.172448514552571,003,2,16,32,relu,relu,adam,0.001,mse,10
001,002,base,016,21,7,7,002,011,24.098927414270676,5.752448786663158,003,2,16,32,relu,relu,adam,0.005,mse,10
001,002,base,017,21,7,14,002,011,24.782993707964422,5.800036881171476,003,2,32,8,relu,relu,adam,0.001,mse,10
001,002,base,018,21,7,21,002,011,25.18858853156009,6.053248847387218,003,2,16,8,relu,relu,adam,0.001,mse,10
001,002,base,019,21,7,28,002,011,24.190319133214782,6.082681959878254,003,2,16,32,relu,relu,adam,0.005,mse,10
001,002,base,020,21,7,35,002,011,23.566849056879864,10.093017804329032,003,2,16,32,relu,relu,adam,0.002,mse,10
001,002,base,021,28,7,7,002,011,26.935898683875745,7.721429236618425,003,2,16,16,relu,relu,adam,0.002,mse,10
001,002,base,022,28,7,14,002,011,26.74770156407656,7.458706420125497,003,2,16,32,relu,relu,adam,0.002,mse,10
001,002,base,023,28,7,21,002,011,24.505063862908017,7.262300163198081,003,2,64,32,relu,relu,adam,0.005,mse,25
001,002,base,024,28,7,28,002,011,25.5158511085873,10.525750498002296,003,2,64,32,relu,relu,adam,0.005,mse,10
001,002,base,025,28,7,35,002,011,24.21110231153312,16.303761521839107,003,2,32,32,relu,relu,adam,0.005,mse,10
001,002,base,001,0,7,7,002,012,9.879550366470772,6.1426381964946115,003,2,32,32,relu,relu,adam,0.002,mse,50
001,002,base,002,0,7,14,002,012,10.610767277643104,5.658989635460287,003,1,64,0,relu,none,adam,0.005,mse,10
001,002,base,003,0,7,21,002,012,10.0992602954325,5.367179408426101,003,2,16,32,relu,relu,adam,0.005,mse,25
001,002,base,004,0,7,28,002,012,9.770000222640698,5.485029771006121,003,2,32,32,relu,relu,adam,0.005,mse,25
001,002,base,005,0,7,35,002,012,9.65705536460454,4.9835923861134654,003,2,64,16,relu,relu,adam,0.005,mse,25
001,002,base,006,7,7,7,002,012,15.602093912449096,8.124498727865959,003,2,16,32,relu,relu,adam,0.005,mse,25
001,002,base,007,7,7,14,002,012,15.945339358425883,8.206629563940528,003,2,64,8,relu,relu,adam,0.005,mse,10
001,002,base,008,7,7,21,002,012,15.218692353662195,7.617888874828565,003,2,16,8,relu,relu,adam,0.005,mse,25
001,002,base,009,7,7,28,002,012,11.616321895593083,7.178885659803451,003,2,64,32,relu,relu,adam,0.005,mse,50
001,002,base,010,7,7,35,002,012,12.124097015315941,6.729043013877848,003,2,64,32,relu,relu,adam,0.005,mse,50
001,002,base,011,14,7,7,002,012,19.1525760888752,12.692732585918117,003,2,16,32,relu,relu,adam,0.005,mse,25
001,002,base,012,14,7,14,002,012,20.264958517561983,12.348862415104822,003,2,16,32,relu,relu,adam,0.005,mse,10
001,002,base,013,14,7,21,002,012,15.760715811579992,10.662906781764475,003,2,64,16,relu,relu,adam,0.005,mse,50
001,002,base,014,14,7,28,002,012,15.645084096410773,9.488693867846445,003,2,64,32,relu,relu,adam,0.005,mse,50
001,002,base,015,14,7,35,002,012,12.721621584151006,7.028939744712145,003,2,64,32,relu,relu,adam,0.005,mse,50
001,002,base,016,21,7,7,002,012,24.0463580967861,16.820782345417467,003,2,16,16,relu,relu,adam,0.005,mse,10
001,002,base,017,21,7,14,002,012,22.432892241739534,15.688930703572106,003,2,16,16,relu,relu,adam,0.005,mse,25
001,002,base,018,21,7,21,002,012,17.814737112091485,14.080203619486296,003,2,32,32,relu,relu,adam,0.005,mse,50
001,002,base,019,21,7,28,002,012,16.960958837447517,12.43457726161006,003,2,64,32,relu,relu,adam,0.005,mse,50
001,002,base,020,21,7,35,002,012,14.448788991129241,12.842380350654135,003,2,64,32,relu,relu,adam,0.005,mse,50
001,002,base,021,28,7,7,002,012,26.08303066896677,19.5650832520391,003,2,16,32,relu,relu,adam,0.005,mse,10
001,002,base,022,28,7,14,002,012,26.417111422705634,19.638290877021507,003,1,16,0,relu,none,adam,0.001,mse,25
001,002,base,023,28,7,21,002,012,18.81221637206946,18.63338393202869,003,2,32,32,relu,relu,adam,0.005,mse,50
001,002,base,024,28,7,28,002,012,19.882004905347248,18.28201531579476,003,2,64,32,relu,relu,adam,0.005,mse,50
001,002,base,025,28,7,35,002,012,18.795803412082826,19.525623280884464,003,2,32,16,relu,relu,adam,0.005,mse,50
