date_day,icd10_code_001_J12.8,icd10_code_002_I10.90,icd10_code_003_J96.00,icd10_code_004_Z22.8,icd10_code_005_B33.8,icd10_cat_001_E87,icd10_cat_002_J12,icd10_cat_003_J96,icd10_cat_004_I10,icd10_cat_005_N18,icd10_chap_001_R,icd10_chap_002_I,icd10_chap_003_E,icd10_chap_004_J,icd10_chap_005_Z
2020-01-01,NA,19,5,NA,NA,9,NA,10,20,14,37,47,40,30,34
2020-01-02,NA,15,NA,NA,NA,12,NA,7,17,6,32,46,34,23,36
2020-01-03,NA,39,6,NA,NA,23,NA,17,49,17,70,95,77,53,97
2020-01-04,NA,11,NA,NA,NA,9,NA,7,13,11,39,41,38,22,36
2020-01-05,NA,19,6,NA,NA,5,NA,15,22,13,45,55,44,34,49
2020-01-06,NA,64,7,NA,NA,16,NA,15,67,29,85,133,104,47,143
2020-01-07,NA,53,7,NA,NA,22,NA,10,57,21,65,116,113,51,110
2020-01-08,NA,51,8,NA,NA,16,NA,12,53,25,79,120,95,48,120
2020-01-09,NA,44,7,NA,NA,25,NA,11,45,24,72,116,97,43,110
2020-01-10,NA,32,NA,NA,NA,11,NA,8,36,23,61,95,78,33,90
2020-01-11,NA,16,7,NA,NA,11,NA,13,17,11,31,34,27,29,39
2020-01-12,NA,20,NA,NA,NA,8,NA,6,24,14,41,52,40,23,51
2020-01-13,NA,45,10,NA,NA,33,NA,18,54,31,83,128,117,57,130
2020-01-14,NA,41,NA,NA,NA,18,NA,8,44,29,54,95,101,47,105
2020-01-15,NA,42,NA,NA,NA,13,NA,11,43,21,55,100,79,42,114
2020-01-16,NA,24,7,NA,NA,25,NA,16,29,22,54,81,74,45,95
2020-01-17,NA,27,5,NA,NA,25,NA,7,31,28,47,70,77,33,79
2020-01-18,NA,18,NA,NA,NA,9,NA,8,19,10,38,42,40,30,38
2020-01-19,NA,14,NA,NA,NA,7,NA,8,16,13,38,53,38,26,48
2020-01-20,NA,55,9,NA,NA,18,NA,13,58,32,58,137,117,43,133
2020-01-21,NA,55,7,NA,NA,22,NA,15,57,30,80,124,115,51,129
2020-01-22,NA,44,9,NA,NA,17,NA,14,49,32,72,111,92,44,110
2020-01-23,NA,39,NA,NA,NA,17,NA,8,43,35,55,99,86,34,99
2020-01-24,NA,25,7,NA,NA,19,NA,12,33,27,70,94,83,44,102
2020-01-25,NA,16,6,NA,NA,8,NA,9,17,10,28,28,29,26,37
2020-01-26,NA,28,6,NA,NA,11,NA,10,31,17,42,57,49,31,53
2020-01-27,NA,48,7,NA,NA,26,NA,21,51,27,63,110,98,52,115
2020-01-28,NA,59,7,NA,NA,25,NA,14,61,27,66,118,114,59,124
2020-01-29,NA,52,NA,NA,NA,9,NA,6,53,31,61,106,92,39,123
2020-01-30,NA,42,NA,NA,NA,26,NA,9,47,16,66,96,82,47,82
2020-01-31,NA,37,9,NA,NA,18,NA,13,38,24,62,101,77,53,90
2020-02-01,NA,18,5,NA,NA,12,NA,13,21,14,39,47,40,29,41
2020-02-02,NA,23,NA,NA,NA,11,NA,8,26,10,25,48,35,22,33
2020-02-03,NA,57,6,NA,NA,21,NA,12,62,36,86,133,112,70,140
2020-02-04,NA,52,6,NA,NA,22,NA,12,55,27,63,123,98,45,110
2020-02-05,NA,32,6,NA,NA,22,NA,10,40,31,58,95,80,44,107
2020-02-06,NA,31,7,NA,NA,17,NA,14,33,23,46,83,70,37,82
2020-02-07,NA,35,5,NA,NA,18,NA,12,38,24,42,83,64,41,79
2020-02-08,NA,11,NA,NA,NA,10,NA,10,11,8,31,42,38,33,46
2020-02-09,NA,23,NA,NA,NA,11,NA,6,25,16,38,49,42,25,46
2020-02-10,NA,43,6,NA,NA,22,NA,15,46,27,83,118,103,46,108
2020-02-11,NA,50,NA,NA,NA,24,NA,10,55,34,63,128,121,50,118
2020-02-12,NA,49,9,NA,NA,10,NA,14,54,31,70,117,87,46,110
2020-02-13,NA,48,10,NA,NA,18,NA,17,52,31,65,111,93,49,97
2020-02-14,NA,38,6,NA,NA,21,NA,10,41,23,53,88,80,37,85
2020-02-15,NA,18,NA,NA,NA,11,NA,7,18,10,33,41,33,27,28
2020-02-16,NA,18,5,NA,NA,5,NA,8,21,13,33,55,39,25,49
2020-02-17,NA,49,9,NA,NA,16,NA,13,55,33,75,134,105,56,120
2020-02-18,NA,49,7,NA,NA,23,NA,9,55,25,76,120,110,46,102
2020-02-19,NA,39,NA,NA,NA,14,NA,NA,43,25,42,94,88,41,101
2020-02-20,NA,51,NA,NA,NA,19,5,13,54,30,54,116,97,47,119
2020-02-21,NA,33,NA,NA,NA,15,NA,7,35,25,55,79,70,33,77
2020-02-22,NA,12,NA,NA,NA,11,NA,10,14,12,29,29,34,20,36
2020-02-23,NA,22,NA,NA,NA,9,NA,10,24,12,36,43,38,24,50
2020-02-24,NA,58,10,NA,NA,26,NA,23,64,35,87,143,121,67,143
2020-02-25,NA,39,5,NA,NA,17,NA,13,42,21,62,104,88,47,117
2020-02-26,NA,34,6,NA,NA,12,NA,14,41,23,63,104,86,37,104
2020-02-27,NA,32,5,NA,NA,14,NA,12,45,28,55,95,91,52,97
2020-02-28,NA,35,NA,NA,NA,18,NA,10,42,28,72,92,77,44,88
2020-02-29,NA,11,6,NA,NA,7,NA,10,12,9,40,39,38,23,36
2020-03-01,NA,17,8,NA,NA,11,NA,12,19,11,35,46,41,22,56
2020-03-02,NA,54,5,NA,NA,22,NA,10,61,33,75,130,118,49,144
2020-03-03,NA,45,7,NA,NA,15,NA,7,49,16,63,93,91,45,96
2020-03-04,NA,29,NA,NA,NA,10,NA,6,32,18,54,83,77,32,87
2020-03-05,NA,30,8,NA,NA,8,NA,15,33,32,57,93,74,41,95
2020-03-06,NA,24,9,NA,NA,28,NA,14,25,25,53,77,76,43,81
2020-03-07,NA,14,8,NA,NA,8,NA,9,14,13,25,39,28,21,42
2020-03-08,NA,18,5,NA,NA,NA,NA,9,19,10,32,45,37,29,46
2020-03-09,NA,46,5,NA,NA,12,NA,8,54,26,56,115,96,45,115
2020-03-10,NA,56,5,NA,NA,14,NA,8,64,34,71,110,99,35,101
2020-03-11,NA,51,10,NA,NA,17,NA,13,56,26,55,109,96,44,109
2020-03-12,NA,28,NA,NA,NA,8,NA,7,32,23,36,67,60,30,75
2020-03-13,NA,25,NA,NA,NA,18,NA,8,26,18,45,69,60,32,71
2020-03-14,NA,14,NA,NA,NA,7,NA,6,14,7,29,35,24,23,35
2020-03-15,NA,17,6,NA,NA,15,NA,9,20,20,35,51,40,23,48
2020-03-16,NA,25,10,NA,NA,13,5,13,33,21,45,77,73,42,89
2020-03-17,NA,35,NA,NA,NA,11,NA,6,43,25,55,93,78,35,83
2020-03-18,NA,28,6,NA,NA,16,NA,10,35,27,53,82,68,38,93
2020-03-19,NA,31,5,NA,NA,11,NA,8,32,15,51,67,50,35,66
2020-03-20,NA,21,NA,NA,NA,16,NA,7,24,19,40,52,54,26,62
2020-03-21,NA,14,5,NA,NA,5,5,5,16,5,22,28,20,19,29
2020-03-22,NA,12,NA,NA,NA,6,NA,NA,12,6,20,22,21,22,20
2020-03-23,7,27,5,NA,NA,14,7,8,33,15,45,74,68,34,79
2020-03-24,NA,24,8,NA,NA,18,NA,10,26,24,43,60,66,37,58
2020-03-25,NA,29,NA,NA,NA,18,NA,12,31,20,57,71,64,34,63
2020-03-26,NA,26,NA,NA,NA,12,5,8,28,23,53,68,64,26,70
2020-03-27,NA,22,5,NA,NA,14,NA,6,23,15,42,54,43,24,60
2020-03-28,5,14,NA,NA,5,7,5,6,14,10,22,27,29,21,31
2020-03-29,NA,15,NA,NA,NA,8,NA,NA,16,NA,27,34,31,10,38
2020-03-30,6,38,NA,NA,NA,20,6,6,42,23,46,83,74,35,74
2020-03-31,NA,27,NA,NA,NA,15,NA,7,27,20,56,66,56,27,69
2020-04-01,NA,27,NA,NA,NA,8,NA,NA,29,20,34,53,56,21,61
2020-04-02,NA,20,NA,NA,NA,17,NA,9,23,17,43,61,51,28,47
2020-04-03,6,19,NA,NA,NA,15,6,5,23,18,39,54,57,25,58
2020-04-04,NA,10,NA,NA,NA,13,NA,5,11,13,40,36,35,18,39
2020-04-05,NA,14,NA,NA,NA,9,NA,7,16,7,27,34,30,21,33
2020-04-06,NA,37,NA,NA,NA,22,NA,8,38,22,61,86,77,35,80
2020-04-07,NA,28,NA,NA,NA,27,NA,9,31,20,53,75,75,31,74
2020-04-08,NA,34,5,NA,NA,15,NA,10,37,16,52,70,55,34,74
2020-04-09,NA,26,6,NA,NA,11,NA,10,31,15,47,66,59,31,65
2020-04-10,NA,13,NA,NA,NA,12,NA,5,14,5,31,32,28,12,32
2020-04-11,NA,11,NA,NA,NA,14,NA,NA,13,11,24,33,33,14,22
2020-04-12,NA,14,NA,NA,NA,7,NA,NA,15,10,22,30,25,14,25
2020-04-13,5,18,NA,NA,NA,9,5,5,20,7,37,41,40,21,34
2020-04-14,NA,24,5,NA,NA,14,NA,9,33,18,48,76,70,27,74
2020-04-15,NA,36,5,NA,NA,17,NA,5,37,19,57,76,69,32,81
2020-04-16,5,35,5,NA,NA,23,5,10,38,19,51,76,72,35,85
2020-04-17,NA,18,NA,NA,NA,12,NA,8,19,12,44,50,51,15,63
2020-04-18,NA,9,NA,NA,NA,5,NA,NA,11,8,18,29,22,8,29
2020-04-19,NA,21,NA,NA,NA,11,NA,NA,22,13,31,41,39,14,34
2020-04-20,NA,26,NA,NA,NA,21,NA,5,32,35,57,91,69,23,90
2020-04-21,NA,32,NA,NA,NA,14,NA,NA,35,22,52,88,65,26,81
2020-04-22,NA,24,6,NA,NA,17,NA,8,31,20,38,74,70,34,86
2020-04-23,NA,26,NA,NA,NA,15,NA,6,31,21,49,70,60,24,66
2020-04-24,NA,24,NA,NA,NA,14,NA,NA,27,20,51,68,57,29,57
2020-04-25,NA,13,NA,NA,NA,NA,NA,NA,14,12,26,30,24,12,25
2020-04-26,NA,19,NA,NA,NA,8,NA,5,22,11,40,52,42,20,45
2020-04-27,NA,44,NA,NA,NA,16,NA,10,50,23,64,96,84,31,107
2020-04-28,NA,45,NA,NA,NA,14,NA,9,48,25,48,82,78,29,82
2020-04-29,NA,43,NA,NA,NA,23,NA,7,51,25,63,85,79,26,90
2020-04-30,NA,41,7,NA,NA,21,NA,12,48,28,51,95,80,30,86
2020-05-01,NA,22,NA,NA,NA,14,NA,6,22,17,46,64,57,23,60
2020-05-02,NA,7,NA,NA,NA,6,NA,NA,7,6,21,27,18,8,22
2020-05-03,NA,11,NA,NA,NA,5,NA,NA,12,10,22,31,29,16,37
2020-05-04,NA,39,NA,NA,NA,22,NA,9,42,30,76,106,91,44,103
2020-05-05,NA,40,NA,NA,NA,15,NA,7,44,29,56,86,95,28,86
2020-05-06,NA,44,NA,NA,NA,14,NA,NA,47,25,62,90,71,26,95
2020-05-07,NA,34,NA,NA,NA,17,NA,NA,42,20,61,82,80,23,74
2020-05-08,NA,29,5,NA,NA,19,NA,8,33,21,52,80,61,26,71
2020-05-09,NA,19,NA,NA,NA,6,NA,NA,22,14,38,48,37,16,48
2020-05-10,NA,17,NA,NA,NA,6,NA,NA,20,10,33,41,39,11,48
2020-05-11,NA,51,NA,NA,NA,13,NA,5,54,31,63,113,95,31,108
2020-05-12,NA,43,NA,NA,NA,14,NA,NA,46,19,59,86,89,34,105
2020-05-13,NA,39,NA,NA,NA,17,NA,10,44,18,55,85,79,23,88
2020-05-14,NA,38,NA,NA,NA,15,NA,6,41,25,63,106,85,45,115
2020-05-15,NA,22,NA,NA,NA,17,NA,7,29,22,48,64,58,33,72
2020-05-16,NA,18,NA,NA,NA,6,NA,6,18,12,32,38,28,13,30
2020-05-17,NA,18,NA,NA,NA,8,NA,5,20,10,41,47,37,12,44
2020-05-18,NA,47,NA,NA,NA,21,NA,7,48,21,67,105,97,22,120
2020-05-19,NA,50,NA,NA,NA,16,NA,5,51,26,56,106,88,38,95
2020-05-20,NA,29,NA,NA,NA,12,NA,12,35,15,57,77,73,29,84
2020-05-21,NA,14,NA,NA,NA,5,NA,NA,16,6,49,35,29,14,44
2020-05-22,NA,36,NA,NA,NA,13,NA,8,37,19,44,74,63,24,72
2020-05-23,NA,8,NA,NA,NA,9,NA,NA,8,9,31,26,25,14,36
2020-05-24,NA,11,NA,NA,NA,8,NA,NA,12,12,23,32,26,11,31
2020-05-25,NA,59,NA,NA,NA,12,NA,8,62,30,65,116,108,40,118
2020-05-26,NA,49,NA,NA,NA,17,NA,9,49,28,57,107,82,30,100
2020-05-27,NA,48,NA,NA,NA,11,NA,NA,50,16,44,97,78,20,81
2020-05-28,NA,59,5,NA,NA,11,NA,9,60,23,59,109,75,43,119
2020-05-29,NA,33,NA,NA,NA,18,NA,7,33,23,52,74,60,33,81
2020-05-30,NA,10,5,NA,NA,13,NA,7,14,8,28,30,35,18,28
2020-05-31,NA,14,NA,NA,NA,14,NA,NA,15,12,43,37,30,15,40
2020-06-01,NA,24,NA,NA,NA,9,NA,6,27,16,45,55,34,18,59
2020-06-02,NA,43,NA,NA,NA,20,NA,9,49,34,60,108,87,41,103
2020-06-03,NA,48,NA,NA,NA,11,NA,NA,49,23,58,100,78,22,110
2020-06-04,NA,42,NA,NA,NA,16,NA,6,45,25,64,98,82,26,84
2020-06-05,NA,32,NA,NA,NA,23,NA,6,34,23,59,78,73,25,87
2020-06-06,NA,18,NA,NA,NA,12,NA,8,18,5,33,46,36,19,44
2020-06-07,NA,18,NA,NA,NA,NA,NA,6,24,16,35,48,32,17,39
2020-06-08,NA,45,NA,NA,NA,24,NA,5,50,40,84,133,113,40,143
2020-06-09,NA,39,NA,NA,NA,17,NA,7,44,40,79,107,91,37,105
2020-06-10,NA,42,NA,NA,NA,19,NA,8,48,27,65,106,91,43,112
2020-06-11,NA,32,NA,NA,NA,6,NA,5,34,25,52,74,67,27,103
2020-06-12,NA,32,NA,NA,NA,18,NA,8,35,27,58,88,83,26,88
2020-06-13,NA,14,NA,NA,NA,NA,NA,NA,17,13,30,40,25,19,43
2020-06-14,NA,23,NA,NA,NA,NA,NA,5,23,9,35,47,39,22,57
2020-06-15,NA,65,NA,NA,NA,19,NA,6,71,33,76,143,115,48,129
2020-06-16,NA,51,NA,NA,NA,16,NA,7,53,39,88,118,102,37,137
2020-06-17,NA,27,NA,NA,NA,14,NA,NA,30,22,60,79,89,28,105
2020-06-18,NA,29,NA,NA,NA,9,NA,9,35,27,73,92,92,34,111
2020-06-19,NA,27,NA,NA,NA,12,NA,NA,29,27,61,75,65,30,83
2020-06-20,NA,17,NA,NA,NA,10,NA,6,20,8,33,41,33,25,36
2020-06-21,NA,26,NA,NA,NA,10,NA,7,28,11,45,55,38,19,46
2020-06-22,NA,42,NA,NA,NA,20,NA,NA,47,35,70,114,93,38,111
2020-06-23,NA,52,NA,NA,NA,12,NA,6,55,28,74,106,93,30,117
2020-06-24,NA,46,NA,NA,NA,19,NA,8,53,39,72,105,97,33,97
2020-06-25,NA,37,5,NA,NA,20,NA,15,44,28,48,86,73,36,90
2020-06-26,NA,35,NA,NA,NA,10,NA,6,40,19,48,79,68,29,81
2020-06-27,NA,21,NA,NA,NA,14,NA,NA,22,11,34,40,35,12,39
2020-06-28,NA,21,NA,NA,NA,14,NA,NA,21,17,43,53,43,19,60
2020-06-29,NA,49,6,NA,NA,17,NA,12,53,30,68,121,96,42,122
2020-06-30,NA,49,5,NA,NA,14,NA,11,51,26,66,107,90,41,95
2020-07-01,NA,56,NA,NA,NA,22,NA,8,58,26,67,111,85,32,92
2020-07-02,NA,49,NA,NA,NA,18,NA,NA,51,32,59,108,88,40,110
2020-07-03,NA,33,NA,NA,NA,12,NA,9,35,24,55,82,72,35,96
2020-07-04,NA,20,NA,NA,NA,13,NA,5,21,8,41,45,38,12,37
2020-07-05,NA,23,NA,NA,NA,6,NA,7,23,15,40,49,36,19,45
2020-07-06,NA,55,NA,NA,NA,19,NA,5,63,39,80,122,106,50,126
2020-07-07,NA,50,NA,NA,NA,26,NA,7,54,30,62,112,99,34,110
2020-07-08,NA,30,NA,NA,NA,17,NA,NA,32,37,59,91,72,33,99
2020-07-09,NA,36,NA,NA,NA,18,NA,6,37,22,70,94,77,30,100
2020-07-10,NA,32,NA,NA,NA,9,NA,NA,35,19,60,75,56,27,74
2020-07-11,NA,10,NA,NA,NA,5,NA,NA,11,11,24,29,20,10,26
2020-07-12,NA,28,NA,NA,NA,9,NA,5,32,14,37,52,39,22,42
2020-07-13,NA,35,NA,NA,NA,13,NA,7,43,28,57,96,80,28,107
2020-07-14,NA,52,NA,NA,NA,19,NA,9,58,33,77,122,103,32,123
2020-07-15,NA,48,NA,NA,NA,21,NA,5,51,30,69,97,89,34,115
2020-07-16,NA,37,NA,NA,NA,21,NA,5,42,30,63,101,82,26,97
2020-07-17,NA,29,NA,NA,NA,18,NA,8,32,18,47,74,66,34,86
2020-07-18,NA,18,NA,NA,NA,7,NA,NA,20,10,26,35,33,15,39
2020-07-19,NA,16,NA,NA,NA,12,NA,9,18,21,46,53,42,25,52
2020-07-20,NA,51,NA,NA,NA,18,NA,NA,57,33,67,125,105,35,133
2020-07-21,NA,47,NA,NA,NA,25,NA,8,54,30,73,106,107,43,112
2020-07-22,NA,45,NA,NA,NA,14,NA,6,49,27,75,99,91,34,104
2020-07-23,NA,40,NA,NA,NA,15,NA,5,46,35,53,96,84,31,90
2020-07-24,NA,25,NA,NA,NA,10,NA,7,27,24,48,72,56,34,70
2020-07-25,NA,18,NA,NA,NA,10,NA,NA,19,15,31,44,33,10,36
2020-07-26,NA,15,NA,NA,NA,8,NA,NA,17,8,38,43,37,21,43
2020-07-27,NA,48,NA,NA,NA,25,NA,11,54,29,70,119,99,40,117
2020-07-28,NA,50,NA,NA,NA,21,NA,NA,56,32,69,122,101,31,125
2020-07-29,NA,51,NA,NA,NA,23,NA,11,57,38,68,106,92,42,110
2020-07-30,NA,47,NA,NA,NA,16,NA,6,50,27,57,90,71,24,95
2020-07-31,NA,30,6,NA,NA,21,NA,10,31,18,50,69,65,34,61
2020-08-01,NA,12,NA,NA,NA,7,NA,NA,13,10,26,35,32,9,45
2020-08-02,NA,17,NA,NA,NA,11,NA,9,17,9,38,41,43,19,53
2020-08-03,NA,56,NA,NA,NA,29,NA,11,61,29,72,121,112,37,131
2020-08-04,NA,38,NA,NA,NA,16,NA,5,43,25,57,90,89,38,98
2020-08-05,NA,55,NA,NA,NA,19,NA,NA,63,26,70,105,89,23,109
2020-08-06,NA,36,NA,NA,NA,16,NA,6,40,22,59,83,76,25,89
2020-08-07,NA,38,NA,NA,NA,17,NA,9,41,25,61,82,81,27,103
2020-08-08,NA,11,NA,NA,NA,NA,NA,NA,12,6,28,33,24,13,33
2020-08-09,NA,15,NA,NA,NA,18,NA,NA,18,14,40,57,55,16,54
2020-08-10,NA,60,NA,NA,NA,23,NA,9,63,37,87,144,117,35,132
2020-08-11,NA,44,6,NA,NA,19,NA,13,45,23,56,103,88,37,109
2020-08-12,NA,38,NA,NA,NA,20,NA,NA,40,28,77,101,97,30,109
2020-08-13,NA,39,NA,NA,NA,16,NA,6,42,26,58,91,66,30,101
2020-08-14,NA,24,NA,NA,NA,15,NA,NA,29,25,58,73,65,20,79
2020-08-15,NA,13,NA,NA,NA,7,NA,6,15,8,25,29,24,13,40
2020-08-16,NA,18,NA,NA,NA,9,NA,6,22,8,40,54,43,16,42
2020-08-17,NA,45,NA,NA,NA,21,NA,6,47,31,76,115,97,30,128
2020-08-18,NA,56,5,NA,NA,16,NA,11,59,32,61,119,100,42,111
2020-08-19,NA,47,5,NA,NA,11,NA,10,47,31,65,98,82,32,105
2020-08-20,NA,40,NA,NA,NA,15,NA,7,44,23,63,90,76,29,81
2020-08-21,NA,39,NA,NA,NA,19,NA,5,39,20,59,77,79,31,94
2020-08-22,NA,16,NA,NA,NA,5,NA,NA,18,14,39,47,30,14,40
2020-08-23,NA,17,NA,NA,NA,8,NA,NA,19,14,28,41,35,13,43
2020-08-24,NA,54,6,NA,NA,21,NA,8,55,25,67,104,104,38,117
2020-08-25,NA,43,5,NA,NA,10,NA,8,46,24,49,91,82,26,85
2020-08-26,NA,32,NA,NA,NA,24,NA,5,38,26,47,76,68,31,93
2020-08-27,NA,28,NA,NA,NA,20,NA,11,29,29,55,94,71,38,97
2020-08-28,NA,33,NA,NA,NA,16,NA,5,37,23,49,80,71,31,92
2020-08-29,NA,9,NA,NA,NA,7,NA,NA,11,5,28,31,32,14,31
2020-08-30,NA,16,NA,NA,NA,15,NA,5,18,11,31,44,39,15,48
2020-08-31,NA,49,NA,NA,NA,28,NA,6,54,24,69,111,101,33,123
2020-09-01,NA,34,NA,NA,NA,22,NA,5,42,32,67,101,79,27,104
2020-09-02,NA,39,NA,NA,NA,14,NA,7,42,26,70,98,87,33,98
2020-09-03,NA,50,NA,NA,NA,25,NA,5,55,30,72,109,97,34,108
2020-09-04,NA,33,NA,NA,NA,17,NA,5,36,23,62,85,68,37,91
2020-09-05,NA,9,NA,NA,NA,9,NA,NA,10,9,34,26,29,11,40
2020-09-06,NA,17,NA,NA,NA,12,NA,9,19,8,42,48,37,21,43
2020-09-07,NA,46,5,NA,NA,26,NA,7,48,26,70,112,93,46,102
2020-09-08,NA,44,5,NA,NA,16,NA,8,52,30,63,107,97,32,98
2020-09-09,NA,40,NA,NA,NA,18,NA,5,40,25,64,94,81,38,104
2020-09-10,NA,35,NA,NA,NA,19,NA,5,39,15,50,81,68,29,86
2020-09-11,NA,35,NA,NA,NA,23,NA,NA,37,23,67,96,78,35,84
2020-09-12,NA,18,NA,NA,NA,13,NA,5,20,11,31,40,33,15,30
2020-09-13,NA,18,NA,NA,NA,6,NA,NA,19,14,29,40,33,11,47
2020-09-14,NA,43,NA,NA,NA,17,NA,12,49,36,89,123,94,43,114
2020-09-15,NA,42,NA,NA,NA,20,NA,6,46,38,75,111,98,45,117
2020-09-16,NA,49,5,NA,NA,22,NA,12,53,39,76,121,104,42,121
2020-09-17,NA,31,NA,NA,NA,18,NA,NA,34,30,63,80,82,27,88
2020-09-18,NA,38,NA,NA,NA,26,NA,8,43,28,74,83,91,38,88
2020-09-19,NA,12,NA,NA,NA,13,NA,5,14,13,38,36,35,15,39
2020-09-20,NA,26,NA,NA,NA,14,NA,7,29,18,43,56,42,25,57
2020-09-21,NA,53,7,NA,NA,23,NA,10,58,25,75,117,113,43,132
2020-09-22,NA,44,7,NA,NA,11,NA,13,47,22,60,87,77,38,89
2020-09-23,NA,40,NA,NA,NA,14,NA,NA,42,25,67,96,81,26,98
2020-09-24,NA,37,6,NA,NA,11,NA,8,38,25,50,82,63,27,78
2020-09-25,NA,25,NA,NA,NA,15,NA,9,29,24,59,78,69,31,83
2020-09-26,NA,11,5,NA,NA,9,NA,6,11,9,33,31,31,13,43
2020-09-27,NA,21,NA,NA,NA,6,NA,NA,24,8,34,35,26,16,40
2020-09-28,NA,47,5,NA,NA,29,NA,11,50,26,68,98,92,40,121
2020-09-29,NA,46,6,NA,NA,20,NA,12,47,20,62,98,88,36,103
2020-09-30,NA,47,6,NA,NA,14,NA,12,50,22,75,99,82,35,88
2020-10-01,NA,41,6,NA,NA,18,NA,7,43,31,69,101,90,26,96
2020-10-02,NA,30,NA,NA,NA,12,NA,9,33,25,56,75,75,32,81
2020-10-03,NA,15,NA,NA,NA,8,NA,7,16,5,36,34,31,13,39
2020-10-04,NA,19,NA,NA,NA,11,NA,6,24,11,44,47,36,18,42
2020-10-05,NA,48,6,NA,NA,18,NA,12,50,26,80,105,97,44,125
2020-10-06,NA,38,NA,NA,NA,15,NA,7,40,18,65,80,75,28,83
2020-10-07,NA,43,NA,NA,NA,12,NA,7,47,25,54,78,71,24,78
2020-10-08,NA,40,7,NA,NA,13,NA,9,45,27,75,100,82,38,100
2020-10-09,NA,32,NA,NA,NA,16,NA,NA,43,21,61,76,75,31,79
2020-10-10,NA,12,NA,NA,NA,6,NA,NA,14,8,28,28,21,14,32
2020-10-11,NA,17,NA,NA,NA,5,NA,NA,18,11,33,38,35,12,42
2020-10-12,NA,50,6,NA,NA,17,NA,10,52,36,77,110,101,47,105
2020-10-13,NA,60,7,NA,NA,18,NA,15,66,22,71,123,100,50,105
2020-10-14,NA,45,8,NA,NA,16,NA,10,47,22,69,95,78,32,102
2020-10-15,NA,43,NA,NA,NA,18,NA,9,50,26,65,109,95,32,114
2020-10-16,NA,34,6,NA,NA,18,NA,11,39,30,76,91,78,28,100
2020-10-17,NA,12,NA,NA,NA,10,NA,5,13,9,30,35,32,15,40
2020-10-18,NA,19,NA,NA,NA,7,NA,NA,20,11,33,47,39,12,48
2020-10-19,5,53,6,NA,NA,21,5,12,60,24,77,115,98,47,121
2020-10-20,NA,39,8,NA,NA,22,NA,10,45,25,64,103,88,46,109
2020-10-21,7,44,7,NA,NA,19,7,8,50,21,74,99,81,37,114
2020-10-22,6,46,13,NA,NA,19,6,18,47,27,56,91,75,42,93
2020-10-23,NA,35,NA,NA,NA,15,5,6,37,23,66,80,77,38,98
2020-10-24,5,14,NA,NA,NA,17,5,6,16,10,43,44,36,24,44
2020-10-25,NA,25,5,NA,NA,11,NA,7,26,20,42,55,51,23,52
2020-10-26,7,50,10,NA,5,26,7,13,56,32,73,118,110,44,133
2020-10-27,5,47,NA,NA,NA,26,5,NA,52,39,75,112,101,39,107
2020-10-28,7,42,7,NA,5,26,7,15,47,21,80,100,98,48,101
2020-10-29,8,30,6,NA,6,20,8,10,36,31,69,96,88,38,96
2020-10-30,14,29,8,NA,6,21,14,11,36,25,68,80,77,33,81
2020-10-31,7,19,NA,NA,NA,13,7,7,19,13,52,47,38,24,49
2020-11-01,7,19,6,NA,NA,12,7,10,22,15,38,50,44,22,51
2020-11-02,13,45,13,NA,5,24,13,19,52,26,88,111,97,45,122
2020-11-03,11,37,12,NA,NA,24,11,16,41,26,77,97,86,43,115
2020-11-04,11,42,8,NA,6,21,11,11,44,27,73,100,86,40,106
2020-11-05,13,32,14,NA,5,18,13,15,33,18,55,85,68,39,85
2020-11-06,21,38,17,NA,11,36,21,20,43,29,72,92,84,51,86
2020-11-07,6,10,6,NA,5,12,6,9,12,8,33,36,30,19,40
2020-11-08,6,22,7,NA,NA,5,6,7,22,8,38,43,34,17,50
2020-11-09,13,55,11,NA,NA,30,13,15,55,45,94,117,115,54,120
2020-11-10,7,50,NA,NA,NA,28,7,10,56,41,73,115,105,39,115
2020-11-11,12,38,7,NA,5,20,12,12,42,25,74,102,91,40,103
2020-11-12,10,36,11,NA,NA,12,10,17,43,40,82,114,91,48,107
2020-11-13,7,19,5,NA,6,17,7,6,20,20,55,67,61,30,80
2020-11-14,5,15,NA,NA,NA,13,5,7,19,16,52,48,35,28,43
2020-11-15,5,18,NA,NA,NA,15,5,NA,21,19,45,47,44,24,46
2020-11-16,16,43,8,NA,9,30,16,15,54,41,83,114,113,44,111
2020-11-17,5,31,NA,NA,NA,23,5,5,36,21,69,86,83,20,102
2020-11-18,9,28,5,NA,NA,22,9,9,39,28,61,90,75,36,105
2020-11-19,11,41,NA,NA,7,20,11,6,42,29,76,91,79,43,105
2020-11-20,NA,34,NA,NA,NA,15,NA,7,38,21,73,88,72,30,87
2020-11-21,NA,9,NA,NA,NA,7,NA,6,10,7,27,36,29,11,42
2020-11-22,8,22,5,NA,NA,13,8,10,22,15,44,46,40,23,52
2020-11-23,8,41,NA,NA,NA,27,10,6,48,27,79,105,99,47,110
2020-11-24,11,34,6,NA,NA,33,11,12,38,22,71,88,88,40,93
2020-11-25,NA,43,8,NA,NA,25,NA,11,48,25,73,107,93,34,116
2020-11-26,8,37,NA,NA,6,24,8,6,46,28,58,97,73,37,98
2020-11-27,7,37,5,NA,NA,20,7,7,45,24,68,91,71,38,77
2020-11-28,5,10,NA,NA,NA,11,5,NA,12,6,28,31,28,13,32
2020-11-29,5,22,8,NA,NA,11,6,9,22,16,41,48,42,24,45
2020-11-30,10,53,7,NA,NA,31,10,16,55,33,71,125,106,54,146
2020-12-01,5,37,6,NA,NA,13,5,7,39,20,72,94,70,37,104
2020-12-02,NA,36,5,NA,NA,17,NA,9,38,18,59,81,73,31,88
2020-12-03,6,46,NA,NA,NA,19,6,11,49,38,71,103,89,44,107
2020-12-04,7,34,5,NA,NA,17,8,11,37,23,86,94,76,42,94
2020-12-05,7,16,NA,NA,NA,7,7,NA,17,9,41,42,33,19,33
2020-12-06,NA,24,5,NA,NA,11,NA,7,24,14,35,43,38,20,47
2020-12-07,9,56,10,NA,NA,19,9,13,57,36,95,129,128,47,144
2020-12-08,8,34,7,NA,NA,23,8,10,37,22,68,89,90,35,91
2020-12-09,9,42,NA,NA,5,22,9,7,44,20,74,105,75,34,108
2020-12-10,5,39,NA,NA,NA,24,5,7,44,17,60,95,87,29,103
2020-12-11,9,27,6,NA,NA,18,9,9,31,20,58,65,64,29,71
2020-12-12,NA,13,NA,NA,NA,9,NA,6,14,15,26,35,31,18,32
2020-12-13,7,19,6,NA,NA,17,7,11,25,15,40,49,46,27,46
2020-12-14,14,40,5,NA,NA,31,14,9,42,37,69,112,100,57,113
2020-12-15,6,36,5,NA,NA,14,6,6,40,32,56,90,88,33,91
2020-12-16,7,38,7,NA,NA,24,7,8,41,24,66,98,89,28,120
2020-12-17,10,35,5,NA,NA,16,10,8,40,35,65,97,71,43,92
2020-12-18,12,29,5,NA,NA,19,12,11,32,19,59,69,62,35,72
2020-12-19,6,18,NA,NA,NA,10,6,6,18,13,34,41,33,19,39
2020-12-20,5,21,NA,NA,NA,16,5,5,24,8,33,41,34,20,40
2020-12-21,10,37,9,NA,5,16,10,14,39,24,62,94,75,36,93
2020-12-22,5,36,NA,NA,NA,11,5,5,39,23,53,79,60,22,85
2020-12-23,NA,36,NA,NA,NA,12,NA,6,38,14,46,79,65,22,83
2020-12-24,NA,22,NA,NA,NA,18,NA,7,23,17,43,48,40,19,53
2020-12-25,9,19,5,NA,NA,10,9,6,20,13,33,44,42,22,47
2020-12-26,NA,17,NA,NA,NA,10,NA,5,20,10,36,44,34,19,41
2020-12-27,10,21,6,NA,NA,9,10,7,22,13,38,46,38,20,50
2020-12-28,5,31,7,NA,NA,24,5,11,35,21,54,85,78,39,95
2020-12-29,NA,44,5,NA,NA,19,NA,10,48,21,57,88,67,32,81
2020-12-30,5,23,7,NA,NA,22,5,11,24,20,57,58,59,31,74
2020-12-31,11,26,7,NA,NA,14,12,14,28,9,55,55,50,34,57
2021-01-01,NA,14,NA,NA,NA,11,NA,NA,15,10,33,36,29,14,37
2021-01-02,7,16,6,NA,NA,11,7,12,18,10,33,35,37,24,40
2021-01-03,6,21,5,NA,NA,15,6,8,23,11,39,44,41,22,50
2021-01-04,10,48,7,NA,NA,25,10,10,57,26,86,114,112,42,110
2021-01-05,NA,34,NA,NA,NA,18,NA,NA,41,16,64,94,91,33,100
2021-01-06,14,46,9,NA,NA,29,14,15,56,31,78,110,103,48,120
2021-01-07,9,44,10,NA,NA,13,9,14,46,27,66,96,87,44,99
2021-01-08,6,38,5,NA,NA,13,6,11,41,12,54,80,60,23,84
2021-01-09,NA,15,NA,NA,NA,7,NA,NA,16,13,22,27,30,9,44
2021-01-10,NA,22,NA,NA,NA,8,NA,6,22,12,30,43,38,13,40
2021-01-11,NA,57,NA,NA,NA,31,NA,7,60,22,81,120,126,48,124
2021-01-12,NA,34,5,NA,NA,15,NA,10,38,23,63,99,81,43,106
2021-01-13,8,41,6,NA,NA,28,8,8,45,28,72,102,94,40,110
2021-01-14,9,46,7,NA,NA,23,9,11,47,25,68,98,99,37,111
2021-01-15,NA,30,NA,NA,NA,13,NA,NA,34,30,56,74,62,25,79
2021-01-16,NA,10,NA,NA,NA,5,NA,NA,12,9,22,30,23,10,29
2021-01-17,NA,19,NA,NA,NA,9,NA,NA,20,8,48,50,42,24,67
2021-01-18,NA,49,5,NA,NA,26,NA,9,54,22,77,113,90,43,110
2021-01-19,NA,40,NA,NA,NA,14,NA,7,45,21,69,96,98,39,106
2021-01-20,6,40,NA,NA,NA,22,6,6,44,28,69,94,96,41,118
2021-01-21,8,49,8,NA,NA,28,9,10,53,31,67,112,92,41,106
2021-01-22,NA,25,NA,NA,NA,14,NA,5,27,10,58,63,54,27,81
2021-01-23,NA,19,5,NA,NA,11,NA,11,20,12,36,44,36,22,43
2021-01-24,NA,23,NA,NA,NA,NA,NA,6,25,10,34,45,38,20,38
2021-01-25,NA,48,7,NA,NA,25,NA,12,60,31,77,125,117,45,137
2021-01-26,NA,50,NA,NA,NA,21,NA,7,54,44,71,122,113,43,125
2021-01-27,NA,48,8,NA,NA,17,NA,12,51,33,64,105,81,48,116
2021-01-28,NA,40,NA,NA,NA,11,NA,6,43,20,55,73,69,33,87
2021-01-29,NA,32,NA,NA,NA,13,NA,NA,35,31,68,88,82,30,101
2021-01-30,NA,15,NA,NA,NA,7,NA,NA,16,6,22,31,31,16,33
2021-01-31,5,14,NA,NA,NA,9,5,NA,16,5,40,45,36,21,47
2021-02-01,NA,48,6,NA,NA,16,NA,9,54,26,72,124,100,46,136
2021-02-02,NA,35,5,NA,NA,17,NA,9,42,30,71,92,85,31,116
2021-02-03,NA,42,NA,NA,NA,20,NA,6,43,24,75,93,88,33,110
2021-02-04,NA,48,NA,NA,NA,16,NA,NA,50,23,73,107,81,23,106
2021-02-05,NA,25,NA,NA,NA,13,NA,9,26,19,54,64,64,29,80
2021-02-06,NA,9,6,NA,NA,5,NA,8,9,10,30,31,28,17,41
2021-02-07,NA,12,NA,NA,NA,16,NA,7,14,10,37,38,34,22,50
2021-02-08,NA,42,NA,NA,NA,16,NA,10,46,24,67,97,94,41,116
2021-02-09,7,34,6,NA,NA,24,7,10,38,30,60,93,78,30,80
2021-02-10,5,35,NA,NA,NA,19,5,5,38,20,69,83,75,34,106
2021-02-11,NA,50,7,NA,NA,16,NA,11,52,30,69,108,81,31,97
2021-02-12,NA,33,NA,NA,NA,18,NA,6,35,22,54,76,72,22,74
2021-02-13,NA,17,NA,NA,NA,8,NA,NA,19,8,35,42,30,14,32
2021-02-14,NA,18,5,NA,NA,8,NA,6,22,9,29,38,35,15,47
2021-02-15,NA,44,6,NA,NA,19,NA,11,49,18,70,101,95,45,113
2021-02-16,NA,51,NA,NA,NA,28,NA,7,52,33,79,114,105,46,116
2021-02-17,NA,47,NA,NA,NA,19,NA,12,52,18,67,105,85,41,108
2021-02-18,NA,45,NA,NA,NA,21,NA,5,46,24,71,102,84,34,110
2021-02-19,NA,25,NA,NA,NA,10,NA,NA,26,14,44,60,54,20,67
2021-02-20,NA,15,NA,NA,NA,5,NA,6,16,NA,28,26,20,13,39
2021-02-21,NA,19,NA,NA,NA,12,NA,6,21,12,32,38,32,16,48
2021-02-22,5,44,6,NA,NA,23,5,11,48,29,92,113,108,50,125
2021-02-23,NA,44,NA,NA,NA,14,NA,NA,47,28,78,111,107,32,119
2021-02-24,NA,49,NA,NA,NA,14,NA,7,51,28,70,105,90,39,122
2021-02-25,5,47,5,NA,NA,19,5,8,49,33,68,101,93,37,115
2021-02-26,NA,23,NA,NA,NA,11,NA,5,24,15,46,58,59,28,69
2021-02-27,NA,17,NA,NA,NA,8,NA,6,19,14,40,44,34,16,49
2021-02-28,NA,16,NA,NA,NA,NA,NA,NA,18,9,37,42,32,15,51
2021-03-01,NA,45,NA,NA,NA,15,NA,NA,50,24,57,107,92,28,132
2021-03-02,NA,50,6,NA,NA,23,NA,12,59,33,84,130,113,43,137
2021-03-03,NA,46,5,NA,NA,20,NA,8,47,30,75,108,105,41,127
2021-03-04,NA,38,7,NA,NA,16,NA,8,42,31,80,98,90,41,109
2021-03-05,NA,38,NA,NA,NA,15,NA,6,43,27,60,87,84,31,92
2021-03-06,NA,10,5,NA,NA,8,NA,8,14,11,32,39,26,23,36
2021-03-07,NA,17,NA,NA,NA,12,NA,7,17,18,58,52,38,27,55
2021-03-08,NA,52,NA,NA,NA,22,NA,9,58,27,84,116,108,40,141
2021-03-09,NA,48,NA,NA,NA,15,NA,6,52,32,77,118,105,37,116
2021-03-10,NA,45,5,NA,NA,19,NA,9,51,28,67,96,93,39,122
2021-03-11,NA,35,NA,NA,NA,12,NA,13,38,31,62,93,83,48,115
2021-03-12,NA,33,NA,NA,NA,13,NA,13,34,28,71,78,80,38,111
2021-03-13,NA,11,6,NA,NA,NA,NA,7,13,13,34,39,33,21,41
2021-03-14,NA,11,NA,NA,NA,11,NA,6,13,12,33,39,37,19,36
2021-03-15,5,35,NA,NA,NA,24,5,8,37,22,62,95,96,43,125
2021-03-16,5,41,NA,NA,NA,16,5,9,46,39,76,110,93,39,109
2021-03-17,NA,37,5,NA,NA,16,NA,6,43,16,64,84,72,37,110
2021-03-18,NA,24,7,NA,NA,12,NA,12,29,17,63,87,80,34,97
2021-03-19,NA,26,NA,NA,NA,14,NA,8,31,26,68,72,67,28,95
2021-03-20,NA,16,NA,NA,NA,13,NA,5,19,11,52,43,40,23,48
2021-03-21,NA,17,NA,NA,NA,10,NA,5,17,20,37,47,44,11,58
2021-03-22,NA,34,NA,NA,NA,18,NA,7,38,35,79,115,101,45,122
2021-03-23,NA,39,NA,NA,NA,19,NA,13,43,28,72,111,95,37,114
2021-03-24,NA,43,NA,NA,NA,16,NA,9,49,37,80,103,91,36,123
2021-03-25,NA,38,NA,NA,NA,15,NA,5,42,22,57,98,70,42,102
2021-03-26,NA,35,NA,NA,NA,11,NA,5,37,25,67,78,67,32,82
2021-03-27,NA,12,5,NA,NA,10,NA,7,15,8,34,36,33,21,38
2021-03-28,NA,18,NA,NA,NA,7,NA,6,23,11,40,38,36,23,41
2021-03-29,NA,46,NA,NA,NA,16,NA,NA,53,26,74,111,93,27,133
2021-03-30,9,48,6,NA,NA,26,9,12,48,33,80,110,109,43,113
2021-03-31,NA,39,NA,NA,NA,18,NA,5,40,20,71,89,87,30,105
2021-04-01,NA,37,5,NA,NA,16,NA,7,39,29,68,85,82,26,95
2021-04-02,NA,15,NA,NA,NA,11,NA,NA,15,8,36,33,32,16,44
2021-04-03,6,17,NA,NA,NA,NA,6,5,17,13,40,50,38,28,59
2021-04-04,NA,19,5,NA,NA,10,NA,5,19,13,40,45,42,18,44
2021-04-05,NA,23,NA,NA,NA,13,NA,6,26,10,41,48,50,20,53
2021-04-06,NA,53,NA,NA,NA,13,NA,NA,54,24,65,105,97,31,113
2021-04-07,NA,44,NA,NA,NA,20,NA,7,46,29,69,100,101,33,99
2021-04-08,6,34,5,NA,NA,20,6,11,37,31,63,101,85,43,118
2021-04-09,5,34,NA,NA,NA,19,5,6,35,30,62,86,73,36,76
2021-04-10,NA,10,NA,NA,NA,15,NA,5,14,16,36,38,38,20,40
2021-04-11,6,26,5,NA,NA,18,6,9,29,20,44,62,51,26,68
2021-04-12,6,40,NA,NA,NA,17,7,6,44,23,77,104,93,48,113
2021-04-13,NA,46,NA,NA,NA,20,NA,NA,46,20,64,98,80,41,114
2021-04-14,NA,41,NA,NA,NA,8,NA,NA,47,26,67,94,82,31,110
2021-04-15,NA,32,6,NA,NA,23,NA,11,39,30,75,94,93,39,110
2021-04-16,NA,34,NA,NA,NA,14,NA,6,43,27,65,77,63,22,82
2021-04-17,NA,12,NA,NA,NA,5,NA,5,16,20,32,40,34,23,48
2021-04-18,NA,20,5,NA,NA,13,5,7,22,17,35,51,44,16,50
2021-04-19,NA,52,6,NA,NA,21,NA,8,61,36,88,120,120,40,137
2021-04-20,NA,41,6,NA,NA,20,NA,11,46,26,63,96,84,35,94
2021-04-21,5,33,NA,NA,NA,11,5,9,35,19,71,91,90,32,108
2021-04-22,5,54,NA,NA,NA,18,5,13,55,31,59,103,88,35,98
2021-04-23,NA,43,8,NA,NA,23,NA,13,43,30,71,86,83,41,106
2021-04-24,NA,14,5,NA,NA,9,NA,5,15,12,46,38,33,20,45
2021-04-25,NA,26,NA,NA,NA,7,NA,6,27,18,38,52,39,18,55
2021-04-26,6,56,5,NA,NA,22,6,9,58,30,58,113,103,35,118
2021-04-27,NA,43,6,NA,NA,13,NA,12,47,19,68,108,89,44,102
2021-04-28,NA,46,NA,NA,NA,14,NA,7,49,25,74,97,78,35,114
2021-04-29,NA,48,NA,NA,NA,14,NA,6,49,30,79,100,87,31,98
2021-04-30,5,38,6,NA,NA,15,5,7,40,21,59,84,73,29,93
2021-05-01,6,12,NA,NA,NA,9,6,7,13,6,34,34,27,15,38
2021-05-02,NA,24,NA,NA,NA,8,NA,7,27,11,35,54,49,24,58
2021-05-03,NA,54,6,NA,NA,31,NA,10,62,42,97,125,118,38,141
2021-05-04,NA,41,NA,NA,NA,21,NA,5,47,32,58,101,97,35,108
2021-05-05,NA,37,NA,NA,NA,11,NA,5,39,24,63,88,72,30,101
2021-05-06,NA,37,6,NA,NA,14,NA,9,41,30,66,100,79,39,95
2021-05-07,NA,28,6,NA,NA,16,NA,11,32,15,64,75,71,39,81
2021-05-08,NA,17,NA,NA,NA,6,NA,NA,18,8,36,45,36,16,37
2021-05-09,NA,24,NA,NA,NA,7,NA,7,28,11,47,48,34,20,48
2021-05-10,NA,59,NA,NA,NA,26,NA,8,60,42,80,135,117,43,130
2021-05-11,NA,50,6,NA,NA,18,NA,9,56,29,84,118,101,37,124
2021-05-12,NA,41,NA,NA,NA,16,NA,NA,45,38,66,94,81,28,97
2021-05-13,NA,18,NA,NA,NA,8,NA,NA,21,9,37,40,35,14,42
2021-05-14,NA,35,6,NA,NA,15,NA,14,42,32,55,92,89,35,107
2021-05-15,NA,20,NA,NA,NA,5,NA,NA,20,9,29,36,25,15,50
2021-05-16,NA,18,NA,NA,NA,11,NA,7,20,11,35,50,46,20,45
2021-05-17,NA,53,5,NA,NA,28,5,12,60,35,76,132,112,42,123
2021-05-18,NA,41,NA,NA,NA,20,NA,8,48,37,85,114,108,48,124
2021-05-19,NA,39,8,NA,NA,14,5,9,41,31,72,102,86,33,110
2021-05-20,NA,56,NA,NA,NA,16,NA,7,60,30,74,121,96,34,113
2021-05-21,NA,34,NA,NA,NA,12,NA,6,36,22,60,75,64,27,78
2021-05-22,NA,23,NA,NA,NA,13,NA,9,27,16,43,56,50,22,50
2021-05-23,NA,14,NA,NA,NA,10,NA,NA,14,7,34,29,31,18,37
2021-05-24,NA,21,NA,NA,NA,10,NA,NA,24,16,31,47,40,24,45
2021-05-25,NA,54,5,NA,NA,25,NA,8,57,33,73,124,109,48,125
2021-05-26,NA,36,NA,NA,NA,24,NA,NA,37,20,53,88,94,31,97
2021-05-27,NA,42,NA,NA,NA,19,NA,NA,43,33,60,97,92,30,107
2021-05-28,NA,41,NA,NA,NA,12,NA,6,45,24,62,95,68,31,90
2021-05-29,NA,13,NA,NA,NA,6,NA,NA,14,14,20,34,28,15,30
2021-05-30,NA,12,NA,NA,NA,6,NA,6,12,9,28,46,31,19,46
2021-05-31,NA,52,NA,NA,NA,20,NA,9,59,24,77,114,100,45,122
2021-06-01,NA,47,NA,NA,NA,23,NA,5,50,35,69,111,100,38,115
2021-06-02,NA,45,NA,NA,NA,22,NA,10,49,28,74,112,89,33,117
2021-06-03,NA,28,NA,NA,NA,14,NA,NA,29,26,55,79,72,22,88
2021-06-04,NA,33,NA,NA,NA,18,NA,7,34,31,57,86,74,24,111
2021-06-05,NA,16,NA,NA,NA,10,NA,NA,16,12,31,39,30,14,45
2021-06-06,NA,20,NA,NA,NA,9,NA,6,22,10,41,52,46,22,55
2021-06-07,NA,58,6,NA,NA,20,NA,9,59,40,87,124,109,44,142
2021-06-08,NA,40,NA,NA,NA,21,NA,7,40,36,75,107,102,36,107
2021-06-09,NA,37,NA,NA,NA,14,NA,8,41,27,75,100,88,31,119
2021-06-10,NA,34,NA,NA,NA,17,NA,8,35,19,61,93,79,32,102
2021-06-11,NA,32,5,NA,NA,18,NA,9,37,26,66,93,77,34,101
2021-06-12,NA,21,8,NA,NA,6,NA,9,25,16,40,45,32,21,42
2021-06-13,NA,17,NA,NA,NA,11,NA,NA,18,20,45,57,46,19,55
2021-06-14,NA,60,7,NA,NA,22,NA,13,64,40,91,129,112,47,123
2021-06-15,NA,48,NA,NA,NA,20,NA,8,50,21,65,96,98,32,110
2021-06-16,NA,43,5,NA,NA,21,NA,12,45,23,66,103,91,31,104
2021-06-17,NA,57,6,NA,NA,18,NA,10,57,29,68,105,87,38,100
2021-06-18,NA,37,NA,NA,NA,16,NA,9,39,22,57,94,71,34,83
2021-06-19,NA,10,NA,NA,NA,13,NA,5,11,9,32,30,32,19,32
2021-06-20,NA,17,NA,NA,NA,10,NA,NA,19,12,43,38,35,17,49
2021-06-21,NA,54,NA,NA,NA,24,NA,8,57,35,86,128,112,35,138
2021-06-22,NA,49,6,NA,NA,20,NA,8,51,33,69,102,100,38,110
2021-06-23,NA,50,NA,NA,NA,16,NA,6,54,17,55,99,84,27,107
2021-06-24,NA,38,NA,NA,NA,15,NA,NA,39,22,66,92,80,24,95
2021-06-25,NA,38,NA,NA,NA,18,NA,6,40,21,62,83,77,25,95
2021-06-26,NA,15,NA,NA,NA,10,NA,5,15,5,29,31,29,15,32
2021-06-27,NA,18,7,NA,NA,7,NA,8,18,14,38,49,41,18,46
2021-06-28,NA,63,NA,NA,NA,22,NA,7,66,38,85,124,114,39,129
2021-06-29,NA,40,NA,NA,NA,21,NA,9,43,30,59,95,85,37,100
2021-06-30,NA,51,6,NA,NA,18,NA,12,52,28,75,109,93,33,96
2021-07-01,NA,42,NA,NA,NA,16,NA,NA,45,20,51,96,83,33,88
2021-07-02,NA,31,6,NA,NA,14,NA,7,32,16,54,76,68,30,84
2021-07-03,NA,11,NA,NA,NA,11,NA,NA,11,12,31,30,29,18,40
2021-07-04,NA,23,NA,NA,NA,14,NA,6,25,20,34,51,46,13,55
2021-07-05,NA,60,5,NA,NA,27,NA,9,67,37,83,119,132,46,128
2021-07-06,NA,52,6,NA,NA,25,NA,13,58,37,76,119,111,35,112
2021-07-07,NA,40,NA,NA,NA,26,NA,8,41,29,75,106,90,32,105
2021-07-08,NA,40,NA,NA,NA,17,NA,6,45,37,65,104,89,34,93
2021-07-09,NA,32,NA,NA,NA,17,NA,7,36,28,44,70,74,27,75
2021-07-10,NA,18,NA,NA,NA,7,NA,NA,19,6,33,35,33,18,46
2021-07-11,NA,12,NA,NA,NA,16,NA,5,13,21,41,39,45,17,50
2021-07-12,NA,50,NA,NA,NA,18,NA,10,54,32,79,107,105,37,110
2021-07-13,NA,35,8,NA,NA,17,NA,11,36,35,63,103,82,29,115
2021-07-14,NA,39,NA,NA,NA,12,NA,7,41,23,75,97,83,30,102
2021-07-15,NA,47,6,NA,NA,17,NA,10,50,36,62,104,93,37,92
2021-07-16,NA,33,6,NA,NA,11,NA,11,35,22,51,79,54,30,71
2021-07-17,NA,20,NA,NA,NA,11,NA,8,20,9,43,52,41,22,45
2021-07-18,NA,15,NA,NA,NA,12,NA,NA,18,7,32,33,35,9,30
2021-07-19,NA,48,7,NA,NA,26,NA,8,51,28,75,113,109,39,109
2021-07-20,NA,41,NA,NA,NA,15,NA,NA,44,27,68,101,77,26,94
2021-07-21,NA,31,NA,NA,NA,18,NA,5,38,28,63,94,77,28,103
2021-07-22,NA,40,6,NA,NA,20,NA,10,42,24,66,93,83,38,92
2021-07-23,NA,36,11,NA,NA,19,NA,15,39,34,72,94,85,43,102
2021-07-24,NA,14,NA,NA,NA,10,NA,NA,14,11,35,31,31,15,39
2021-07-25,NA,20,NA,NA,NA,7,NA,NA,23,17,39,48,40,17,41
2021-07-26,NA,37,NA,NA,NA,15,NA,9,49,42,83,112,93,44,126
2021-07-27,NA,33,NA,NA,NA,28,NA,10,35,30,59,96,94,34,109
2021-07-28,NA,39,NA,NA,NA,15,NA,8,39,31,63,86,80,33,91
2021-07-29,NA,49,6,NA,NA,16,NA,8,54,32,57,103,72,30,92
2021-07-30,NA,26,NA,NA,NA,18,NA,7,26,27,54,75,76,29,98
2021-07-31,NA,11,5,NA,NA,9,NA,6,12,18,35,47,31,19,36
2021-08-01,NA,9,NA,NA,NA,9,NA,NA,11,9,32,37,30,18,43
2021-08-02,NA,32,8,NA,NA,21,NA,11,36,31,73,93,91,47,108
2021-08-03,NA,40,9,NA,NA,22,NA,12,42,38,75,107,95,43,104
2021-08-04,NA,53,NA,NA,NA,17,NA,6,59,27,75,117,88,36,114
2021-08-05,NA,37,NA,NA,NA,17,NA,12,37,24,68,86,72,32,86
2021-08-06,NA,30,5,NA,NA,14,NA,5,30,30,53,72,61,24,83
2021-08-07,NA,10,NA,NA,NA,8,NA,NA,10,5,31,29,22,15,27
2021-08-08,NA,21,NA,NA,NA,10,NA,NA,22,17,36,50,46,22,43
2021-08-09,NA,41,NA,NA,NA,16,NA,NA,47,35,71,112,109,46,125
2021-08-10,NA,48,6,NA,NA,26,NA,8,53,33,60,110,94,33,101
2021-08-11,NA,47,NA,NA,NA,24,NA,12,52,33,71,107,108,49,127
2021-08-12,NA,42,5,NA,NA,18,5,6,43,24,60,95,71,29,88
2021-08-13,NA,33,8,NA,NA,18,NA,12,36,29,58,82,69,31,64
2021-08-14,NA,19,NA,NA,NA,10,NA,7,20,9,30,45,44,19,37
2021-08-15,NA,19,6,NA,NA,9,NA,9,22,15,45,52,42,31,50
2021-08-16,NA,54,11,NA,NA,34,5,16,55,41,69,126,111,50,123
2021-08-17,5,43,10,NA,NA,27,5,16,45,32,71,98,101,44,110
2021-08-18,NA,37,5,NA,NA,13,NA,6,39,22,55,85,76,23,105
2021-08-19,8,35,10,NA,NA,30,8,15,35,34,65,100,93,42,89
2021-08-20,NA,40,6,NA,NA,23,NA,7,46,29,64,91,93,42,93
2021-08-21,NA,14,NA,NA,NA,11,NA,5,15,9,27,31,26,12,42
2021-08-22,6,20,NA,NA,NA,20,6,7,23,10,41,45,42,20,55
2021-08-23,6,32,7,NA,NA,27,6,9,34,32,75,106,109,44,108
2021-08-24,6,46,8,NA,NA,33,6,9,50,32,76,116,120,48,109
2021-08-25,NA,40,NA,NA,NA,18,NA,NA,47,29,62,101,80,24,123
2021-08-26,5,35,9,NA,NA,22,5,14,38,32,70,89,78,47,92
2021-08-27,6,28,9,NA,NA,18,6,12,32,27,48,74,72,38,72
2021-08-28,NA,15,NA,NA,NA,5,NA,NA,16,NA,30,37,28,12,39
2021-08-29,NA,20,7,NA,NA,11,NA,9,20,9,43,43,35,23,36
2021-08-30,5,50,7,NA,NA,25,5,10,55,37,69,113,110,37,108
2021-08-31,NA,43,7,NA,NA,18,NA,11,46,21,63,92,90,47,93
2021-09-01,NA,43,7,NA,NA,15,NA,10,45,28,71,98,92,42,102
2021-09-02,5,44,6,NA,NA,24,5,9,46,26,72,92,87,24,102
2021-09-03,NA,37,6,NA,NA,22,NA,12,38,31,67,82,76,40,97
2021-09-04,7,18,11,NA,NA,17,7,17,19,11,49,38,42,29,53
2021-09-05,NA,13,NA,NA,NA,10,5,5,15,8,31,33,27,19,30
2021-09-06,7,56,8,NA,NA,24,8,14,62,37,70,133,114,55,124
2021-09-07,7,38,NA,NA,5,25,7,9,45,36,76,107,91,40,129
2021-09-08,NA,38,NA,NA,NA,14,NA,5,42,32,70,92,87,38,84
2021-09-09,NA,36,NA,NA,NA,18,NA,11,38,31,69,103,91,39,102
2021-09-10,NA,35,6,NA,NA,23,NA,11,39,32,68,89,76,39,87
2021-09-11,NA,23,5,NA,NA,8,NA,6,25,13,34,44,43,13,42
2021-09-12,NA,17,5,NA,NA,9,NA,9,19,10,41,49,31,25,50
2021-09-13,NA,44,NA,NA,NA,21,NA,10,48,35,80,117,109,38,118
2021-09-14,5,46,7,NA,NA,19,5,9,46,29,62,99,89,42,111
2021-09-15,NA,32,5,NA,NA,17,NA,9,34,22,71,93,86,36,96
2021-09-16,NA,47,NA,NA,NA,15,NA,5,52,35,63,94,88,35,89
2021-09-17,NA,36,7,NA,NA,15,NA,10,37,27,65,86,70,36,79
2021-09-18,NA,15,NA,NA,NA,10,NA,NA,18,11,37,32,34,10,35
2021-09-19,NA,15,NA,NA,NA,11,NA,NA,16,10,33,38,33,23,45
2021-09-20,NA,45,NA,NA,NA,20,NA,7,57,34,69,116,102,35,122
2021-09-21,NA,45,7,NA,NA,15,NA,13,49,29,58,99,84,36,96
2021-09-22,5,37,8,NA,NA,22,7,12,43,28,66,104,94,37,114
2021-09-23,NA,39,5,NA,NA,11,NA,7,45,19,54,89,76,23,91
2021-09-24,NA,37,5,NA,NA,14,NA,8,42,31,62,99,73,41,96
2021-09-25,NA,21,5,NA,NA,10,NA,7,24,13,42,49,34,20,44
2021-09-26,NA,23,6,NA,NA,18,NA,9,24,18,44,56,56,27,58
2021-09-27,NA,48,9,NA,NA,24,5,11,51,41,70,120,107,44,108
2021-09-28,NA,38,5,NA,NA,16,NA,7,41,30,66,90,68,30,95
2021-09-29,NA,53,NA,NA,NA,18,NA,7,55,24,62,109,97,31,106
2021-09-30,NA,27,8,NA,NA,17,NA,12,30,26,58,74,64,30,81
2021-10-01,NA,34,6,NA,NA,19,NA,10,38,22,67,79,77,32,104
2021-10-02,NA,13,NA,NA,NA,11,NA,NA,13,18,38,41,42,15,48
2021-10-03,NA,19,8,NA,NA,16,NA,9,20,12,38,52,43,18,42
2021-10-04,NA,44,NA,NA,NA,26,NA,8,47,29,75,109,92,42,113
2021-10-05,NA,36,6,NA,NA,20,NA,9,37,34,67,88,79,34,91
2021-10-06,5,40,5,NA,NA,19,5,8,43,32,68,95,91,32,98
2021-10-07,NA,38,NA,NA,NA,10,NA,7,38,19,49,75,58,29,86
2021-10-08,NA,34,NA,NA,NA,21,NA,7,37,11,55,70,69,24,73
2021-10-09,NA,18,NA,NA,NA,9,NA,NA,18,10,38,33,36,19,44
2021-10-10,NA,21,NA,NA,NA,15,NA,5,21,20,38,44,42,22,59
2021-10-11,NA,48,6,NA,NA,21,NA,11,50,36,67,104,99,43,110
2021-10-12,NA,51,5,NA,NA,13,NA,9,55,36,57,109,92,28,103
2021-10-13,NA,26,6,NA,NA,22,NA,8,30,29,58,87,75,36,106
2021-10-14,NA,47,5,NA,NA,22,NA,10,51,29,66,95,85,35,99
2021-10-15,NA,38,NA,NA,NA,17,NA,5,45,21,70,76,72,28,89
2021-10-16,NA,16,NA,NA,NA,13,NA,7,17,19,41,50,39,20,39
2021-10-17,NA,14,6,NA,NA,8,NA,8,15,14,33,42,37,22,45
2021-10-18,NA,39,NA,NA,NA,9,NA,7,41,27,62,106,81,29,117
2021-10-19,NA,41,5,NA,NA,13,NA,13,46,19,58,96,71,30,99
2021-10-20,NA,46,5,NA,NA,18,NA,8,52,33,80,115,105,37,122
2021-10-21,NA,40,NA,NA,NA,18,NA,5,50,24,69,100,81,30,93
2021-10-22,NA,32,9,NA,NA,17,NA,11,33,22,65,82,73,37,66
2021-10-23,NA,20,7,NA,NA,17,NA,10,23,20,47,53,42,28,48
2021-10-24,NA,24,NA,NA,NA,11,NA,NA,27,11,34,48,38,17,44
2021-10-25,NA,48,6,NA,NA,17,NA,14,50,38,72,116,93,51,109
2021-10-26,NA,45,5,NA,NA,18,NA,9,48,30,53,99,87,37,106
2021-10-27,NA,47,NA,NA,NA,19,NA,5,54,35,68,106,84,35,115
2021-10-28,NA,33,7,NA,NA,19,NA,10,39,18,56,75,79,29,79
2021-10-29,NA,34,5,NA,NA,22,NA,9,41,23,66,77,72,33,83
2021-10-30,NA,19,5,NA,NA,10,NA,7,21,10,40,39,39,16,33
2021-10-31,NA,22,6,NA,NA,13,NA,8,23,12,43,44,42,25,51
2021-11-01,NA,61,10,NA,NA,18,NA,16,69,31,86,132,106,57,130
2021-11-02,NA,49,5,NA,NA,21,NA,7,52,30,74,98,94,31,97
2021-11-03,NA,42,5,NA,NA,11,NA,7,47,23,61,93,89,43,105
2021-11-04,NA,40,NA,NA,NA,16,NA,8,46,31,76,106,94,43,95
2021-11-05,NA,35,6,NA,NA,21,NA,10,42,25,64,90,86,38,93
2021-11-06,NA,22,5,NA,NA,13,NA,11,23,9,42,47,42,26,49
2021-11-07,NA,23,5,NA,NA,9,NA,7,24,9,38,45,47,22,56
2021-11-08,NA,65,11,NA,NA,22,NA,17,66,38,84,132,114,48,135
2021-11-09,NA,60,6,NA,NA,21,NA,9,63,34,62,119,110,37,109
2021-11-10,NA,48,NA,NA,NA,19,5,8,54,23,71,97,92,37,102
2021-11-11,NA,51,8,NA,NA,28,NA,11,52,37,74,120,108,45,114
2021-11-12,NA,27,NA,NA,NA,25,NA,8,27,22,61,85,86,26,93
2021-11-13,NA,10,NA,NA,NA,8,NA,NA,11,7,35,30,34,18,38
2021-11-14,NA,18,NA,NA,NA,12,NA,NA,19,10,35,46,34,23,38
2021-11-15,NA,48,6,NA,NA,27,NA,10,51,24,82,114,101,50,124
2021-11-16,6,47,5,NA,NA,20,7,13,51,36,81,111,99,52,113
2021-11-17,NA,43,NA,NA,NA,22,NA,8,47,33,74,92,90,41,104
2021-11-18,NA,50,8,NA,NA,23,NA,11,51,37,87,111,100,40,112
2021-11-19,NA,33,NA,NA,NA,19,NA,7,37,28,72,87,80,32,85
2021-11-20,NA,20,NA,NA,NA,12,NA,NA,20,13,37,40,39,19,40
2021-11-21,NA,22,8,NA,NA,14,5,12,22,12,49,51,45,24,45
2021-11-22,NA,60,5,NA,NA,27,NA,11,62,32,82,129,102,46,113
2021-11-23,NA,49,NA,NA,NA,16,NA,7,50,24,65,104,91,38,105
2021-11-24,NA,48,9,NA,NA,18,NA,13,53,28,70,108,86,40,109
2021-11-25,5,38,9,NA,NA,23,5,15,42,25,61,90,82,49,89
2021-11-26,NA,33,13,NA,NA,19,7,16,38,32,72,96,91,45,85
2021-11-27,NA,22,8,NA,NA,9,NA,9,22,15,39,44,43,22,43
2021-11-28,NA,16,NA,NA,NA,12,5,6,18,13,41,49,50,21,43
2021-11-29,NA,45,NA,NA,NA,21,7,8,54,36,87,128,114,51,135
2021-11-30,6,51,6,NA,5,32,7,15,54,39,81,121,119,57,125
2021-12-01,NA,41,NA,NA,NA,28,NA,8,42,35,81,103,97,38,113
2021-12-02,7,29,8,NA,NA,23,8,12,32,32,53,98,84,37,96
2021-12-03,NA,30,11,NA,NA,20,5,15,36,18,62,80,74,33,84
2021-12-04,6,16,7,NA,NA,14,6,10,19,18,42,48,42,25,43
2021-12-05,NA,18,NA,NA,NA,9,NA,5,20,NA,38,33,41,18,45
2021-12-06,7,48,9,NA,NA,27,7,14,57,32,73,127,104,45,133
2021-12-07,10,43,8,NA,NA,26,10,10,47,34,73,100,100,52,105
2021-12-08,7,36,12,NA,NA,19,9,16,39,31,70,104,91,45,128
2021-12-09,9,40,15,NA,NA,21,11,20,43,28,76,103,84,48,83
2021-12-10,9,35,11,NA,NA,22,10,17,36,31,65,83,79,43,90
2021-12-11,NA,18,NA,NA,NA,12,NA,6,20,11,32,36,31,20,40
2021-12-12,8,21,10,NA,NA,20,9,14,22,14,45,48,45,34,56
2021-12-13,6,60,6,NA,NA,23,6,10,64,35,83,128,115,45,132
2021-12-14,NA,51,NA,NA,NA,18,NA,6,51,30,71,101,82,34,100
2021-12-15,9,42,7,NA,NA,21,9,9,45,24,72,100,85,34,100
2021-12-16,5,49,5,NA,NA,18,6,5,54,26,68,96,76,31,100
2021-12-17,NA,36,5,NA,NA,18,NA,7,39,20,64,80,68,28,81
2021-12-18,7,11,NA,NA,NA,12,7,7,14,8,43,38,32,29,45
2021-12-19,6,17,NA,NA,NA,16,7,10,17,12,41,40,40,31,52
2021-12-20,5,56,NA,NA,NA,17,6,14,59,41,75,117,100,45,113
2021-12-21,7,42,5,NA,NA,25,8,9,46,35,75,101,95,40,113
2021-12-22,5,42,6,NA,NA,15,5,11,45,31,63,92,80,44,103
2021-12-23,6,36,10,NA,NA,16,7,13,38,26,63,75,68,41,72
2021-12-24,NA,16,NA,NA,NA,21,NA,11,17,18,40,40,46,30,61
2021-12-25,NA,8,NA,NA,NA,11,NA,NA,8,6,37,32,29,17,33
2021-12-26,NA,18,NA,NA,NA,10,NA,8,23,14,46,43,38,29,39
2021-12-27,NA,31,8,NA,NA,29,7,13,35,33,66,92,94,43,101
2021-12-28,NA,30,15,NA,NA,31,NA,27,34,35,83,94,95,57,99
2021-12-29,5,23,10,NA,NA,35,6,19,25,29,71,81,72,43,82
2021-12-30,6,26,7,NA,NA,19,6,13,27,16,65,74,71,34,88
2021-12-31,5,19,13,NA,NA,14,7,16,20,19,42,50,43,33,53
2022-01-01,NA,11,7,NA,NA,10,NA,9,14,10,37,42,32,19,42
2022-01-02,5,16,11,NA,5,16,5,14,20,11,34,41,46,30,53
2022-01-03,7,35,9,NA,NA,15,7,13,41,23,55,97,87,32,100
2022-01-04,NA,35,7,NA,NA,18,5,13,41,28,76,106,83,48,123
2022-01-05,NA,40,6,NA,NA,15,6,10,42,28,69,92,88,51,114
2022-01-06,NA,48,5,NA,NA,21,NA,9,48,37,61,100,87,41,115
2022-01-07,NA,31,6,NA,NA,21,NA,12,33,22,62,77,69,37,97
2022-01-08,NA,16,NA,NA,NA,16,NA,NA,20,16,39,43,44,19,51
2022-01-09,NA,17,5,NA,NA,12,NA,7,20,12,39,44,37,24,57
2022-01-10,NA,56,6,6,NA,18,NA,18,59,29,71,121,94,45,143
2022-01-11,5,45,NA,7,NA,26,5,9,48,28,75,100,89,44,122
2022-01-12,NA,44,5,7,NA,18,NA,12,49,27,81,117,98,49,147
2022-01-13,NA,38,NA,NA,NA,11,NA,7,40,12,61,90,76,31,123
2022-01-14,NA,43,6,5,NA,19,5,12,45,19,56,76,82,42,92
2022-01-15,NA,15,NA,NA,NA,13,NA,NA,16,10,26,38,28,17,47
2022-01-16,NA,22,NA,NA,NA,15,NA,NA,25,15,42,49,40,21,56
2022-01-17,5,48,7,NA,NA,24,6,18,53,49,99,124,108,49,154
2022-01-18,5,35,5,5,NA,24,5,6,40,27,71,101,93,44,133
2022-01-19,NA,45,8,9,NA,22,NA,13,51,40,69,115,97,42,143
2022-01-20,NA,42,NA,8,NA,24,NA,8,44,31,67,101,90,28,135
2022-01-21,8,39,6,8,NA,21,8,10,45,22,58,90,79,32,118
2022-01-22,NA,12,NA,NA,NA,12,NA,NA,14,8,35,38,29,24,48
2022-01-23,NA,29,10,NA,NA,18,NA,12,32,11,56,62,57,31,68
2022-01-24,NA,47,5,NA,NA,23,NA,7,58,30,77,119,108,39,157
2022-01-25,NA,46,NA,8,NA,26,NA,14,54,34,89,109,104,53,133
2022-01-26,NA,47,9,10,NA,15,NA,14,48,33,73,99,92,40,124
2022-01-27,NA,40,NA,7,NA,19,NA,7,41,26,64,96,81,37,113
2022-01-28,NA,41,7,NA,NA,23,NA,10,44,20,69,93,84,35,102
2022-01-29,NA,14,NA,5,NA,5,NA,7,17,8,40,35,30,18,39
2022-01-30,5,19,NA,6,NA,12,5,NA,20,14,38,39,34,20,50
2022-01-31,9,53,8,12,NA,16,9,17,57,30,83,129,101,55,157
2022-02-01,NA,43,5,7,NA,16,NA,14,45,26,82,101,89,41,127
2022-02-02,7,32,NA,8,NA,22,7,12,32,27,70,92,91,36,123
2022-02-03,NA,57,6,11,NA,9,NA,11,61,32,62,112,85,50,133
2022-02-04,NA,20,NA,7,NA,18,NA,9,20,25,61,76,68,33,95
2022-02-05,NA,9,5,NA,NA,16,NA,10,13,9,39,30,31,25,48
2022-02-06,5,18,NA,6,NA,12,5,7,18,9,46,42,34,24,46
2022-02-07,NA,48,NA,15,NA,28,NA,10,53,26,83,102,96,44,147
2022-02-08,9,36,8,6,NA,22,9,8,41,28,58,89,85,35,121
2022-02-09,5,48,NA,17,NA,19,5,9,53,28,66,107,85,32,150
2022-02-10,NA,39,7,10,NA,15,NA,16,44,30,61,88,76,34,112
2022-02-11,NA,30,NA,7,NA,17,NA,9,31,25,65,71,72,38,99
2022-02-12,NA,10,NA,6,NA,9,NA,NA,13,14,41,38,34,23,60
2022-02-13,NA,22,NA,6,NA,12,NA,NA,23,11,42,40,35,16,56
2022-02-14,5,55,8,8,NA,26,5,14,60,34,85,125,121,54,156
2022-02-15,5,45,NA,6,NA,20,5,8,50,35,84,109,112,44,146
2022-02-16,NA,59,6,5,NA,19,NA,12,62,23,91,119,102,51,138
2022-02-17,5,45,NA,8,NA,28,6,8,48,33,77,98,92,44,130
2022-02-18,NA,37,5,9,NA,19,NA,8,43,26,61,85,73,38,106
2022-02-19,NA,16,NA,NA,NA,8,NA,6,18,8,27,37,30,13,43
2022-02-20,NA,21,NA,11,NA,10,NA,11,22,17,47,46,41,24,70
2022-02-21,NA,47,NA,14,NA,16,NA,5,55,35,87,121,106,51,151
2022-02-22,5,41,5,10,NA,24,5,8,49,30,71,102,101,43,138
2022-02-23,NA,49,6,9,NA,28,NA,10,53,33,74,117,104,43,157
2022-02-24,NA,47,6,7,NA,22,NA,15,53,38,80,105,98,36,113
2022-02-25,NA,28,5,10,NA,19,NA,8,31,14,54,75,68,27,91
2022-02-26,NA,13,NA,NA,NA,8,NA,6,14,12,38,36,30,26,41
2022-02-27,NA,21,NA,5,NA,NA,NA,NA,24,12,31,48,39,15,65
2022-02-28,NA,50,NA,10,NA,16,NA,9,53,40,80,119,108,52,165
2022-03-01,NA,55,NA,8,NA,19,NA,7,56,30,75,109,94,40,119
2022-03-02,NA,34,NA,11,NA,15,NA,10,35,29,72,91,82,36,130
2022-03-03,5,48,NA,6,NA,21,6,10,50,36,66,99,91,39,126
2022-03-04,NA,41,NA,8,NA,18,NA,NA,44,23,55,72,65,26,94
2022-03-05,NA,18,NA,7,NA,16,NA,9,19,14,48,52,41,24,60
2022-03-06,NA,26,NA,NA,NA,16,NA,5,26,17,38,51,49,17,61
2022-03-07,NA,44,7,8,NA,26,NA,14,47,37,72,106,107,51,142
2022-03-08,NA,49,NA,13,NA,23,NA,7,54,37,76,126,111,51,143
2022-03-09,NA,44,6,11,NA,23,NA,12,47,28,72,109,88,42,130
2022-03-10,NA,43,NA,8,NA,23,NA,5,45,30,66,112,92,36,127
2022-03-11,NA,27,5,6,NA,15,NA,8,28,26,57,65,63,36,86
2022-03-12,NA,16,7,5,NA,12,5,10,19,8,37,46,45,31,58
2022-03-13,NA,23,NA,5,NA,10,NA,NA,25,13,45,58,40,25,58
2022-03-14,NA,61,NA,9,NA,15,NA,10,62,35,92,127,110,49,147
2022-03-15,NA,40,6,12,NA,27,NA,9,46,39,84,106,93,42,115
2022-03-16,6,48,NA,10,NA,17,6,NA,51,37,72,115,105,47,142
2022-03-17,NA,46,5,15,NA,15,NA,8,46,34,65,95,83,39,116
2022-03-18,NA,26,5,9,NA,15,NA,8,30,20,53,69,69,32,100
2022-03-19,NA,14,5,7,NA,9,NA,7,15,11,34,38,35,20,52
2022-03-20,NA,19,5,NA,NA,9,NA,6,21,17,47,51,37,32,62
2022-03-21,NA,46,6,12,NA,21,NA,11,53,35,65,121,97,41,135
2022-03-22,NA,40,5,9,NA,26,NA,6,48,27,70,104,91,40,128
2022-03-23,5,50,NA,8,NA,17,5,8,55,27,71,102,82,47,125
2022-03-24,5,44,NA,7,NA,16,6,11,48,31,71,109,97,45,141
2022-03-25,NA,34,NA,7,NA,13,NA,6,38,19,48,78,65,37,90
2022-03-26,NA,8,NA,8,NA,17,NA,6,10,7,33,36,40,19,48
2022-03-27,NA,23,NA,NA,NA,12,NA,7,28,15,34,47,40,23,41
2022-03-28,NA,45,5,11,NA,19,NA,8,50,34,85,128,104,49,163
2022-03-29,NA,46,NA,7,NA,25,NA,8,53,30,61,114,108,42,132
2022-03-30,NA,34,6,9,NA,39,NA,10,39,40,67,103,108,43,139
2022-03-31,NA,40,NA,6,NA,22,NA,NA,44,29,61,93,80,37,109
2022-04-01,6,32,NA,NA,NA,17,7,14,36,23,59,81,67,41,86
2022-04-02,NA,12,NA,NA,NA,11,NA,5,13,6,29,28,21,14,33
2022-04-03,NA,15,8,5,NA,15,NA,10,16,14,39,44,44,25,47
2022-04-04,NA,47,7,5,NA,23,NA,12,52,34,64,103,92,51,115
2022-04-05,NA,45,6,NA,NA,17,NA,10,48,37,66,97,97,46,112
2022-04-06,NA,45,5,NA,NA,20,NA,9,51,31,70,100,90,33,96
2022-04-07,NA,45,NA,NA,NA,19,NA,7,50,30,58,107,92,31,104
2022-04-08,NA,31,5,NA,NA,18,NA,9,36,23,59,78,69,28,82
2022-04-09,NA,16,NA,NA,NA,15,NA,9,19,11,36,42,37,17,55
2022-04-10,NA,19,NA,NA,NA,9,NA,6,21,15,29,42,33,25,35
2022-04-11,NA,52,7,NA,NA,26,NA,14,55,35,80,124,112,57,115
2022-04-12,NA,51,8,NA,NA,16,NA,13,51,27,64,116,103,52,113
2022-04-13,NA,46,NA,NA,NA,14,NA,NA,49,33,59,100,82,34,103
2022-04-14,NA,35,NA,NA,NA,17,NA,10,37,28,59,82,75,36,78
2022-04-15,NA,17,NA,NA,NA,8,NA,5,18,14,50,47,39,19,41
2022-04-16,NA,8,NA,NA,NA,11,NA,5,8,9,35,38,30,20,42
2022-04-17,NA,15,NA,NA,NA,10,NA,NA,16,16,34,40,33,16,31
2022-04-18,NA,20,NA,NA,NA,14,NA,5,20,17,45,52,47,18,65
2022-04-19,NA,59,NA,NA,NA,22,NA,7,59,30,80,109,105,37,108
2022-04-20,NA,39,NA,NA,NA,27,NA,11,39,40,68,97,98,43,107
2022-04-21,NA,31,5,NA,NA,17,NA,10,35,26,62,85,77,35,90
2022-04-22,NA,33,NA,NA,NA,21,NA,5,37,27,60,82,74,24,88
2022-04-23,NA,8,NA,NA,NA,13,NA,5,9,9,28,34,29,21,42
2022-04-24,NA,19,NA,NA,NA,13,NA,NA,23,15,32,48,44,25,51
2022-04-25,NA,57,5,NA,NA,26,NA,9,61,34,71,133,113,53,147
2022-04-26,NA,36,8,NA,NA,21,NA,12,42,16,67,95,93,42,104
2022-04-27,NA,47,NA,NA,NA,17,NA,5,53,35,66,110,92,38,118
2022-04-28,NA,41,NA,NA,NA,12,NA,6,47,29,76,111,100,28,123
2022-04-29,NA,31,NA,NA,NA,20,NA,NA,35,32,59,77,74,38,95
2022-04-30,NA,10,NA,NA,NA,7,NA,NA,11,7,25,26,28,9,32
2022-05-01,NA,22,NA,NA,NA,9,NA,8,23,7,29,42,39,18,35
2022-05-02,NA,48,7,NA,NA,16,NA,11,50,30,62,113,89,41,113
2022-05-03,NA,40,7,NA,NA,15,NA,12,40,29,70,96,89,39,110
2022-05-04,NA,51,NA,NA,NA,19,NA,NA,57,28,67,105,97,31,110
2022-05-05,NA,48,NA,NA,NA,10,NA,7,55,29,69,102,82,34,101
2022-05-06,NA,31,NA,NA,NA,18,NA,5,38,26,66,85,83,31,88
2022-05-07,NA,6,NA,NA,NA,9,NA,NA,8,9,34,27,21,15,35
2022-05-08,NA,20,NA,NA,NA,17,NA,6,22,9,40,49,39,24,47
2022-05-09,NA,57,NA,NA,NA,23,NA,8,60,27,94,128,107,43,122
2022-05-10,NA,49,NA,NA,NA,26,NA,10,51,33,73,108,99,43,101
2022-05-11,NA,40,NA,NA,NA,19,NA,8,43,23,57,90,102,28,114
2022-05-12,NA,33,NA,NA,NA,15,NA,NA,34,27,63,92,73,34,93
2022-05-13,NA,28,6,NA,NA,14,NA,11,31,24,64,73,69,39,68
2022-05-14,NA,15,NA,NA,NA,15,NA,NA,16,10,32,32,32,20,30
2022-05-15,NA,24,NA,NA,NA,11,NA,7,28,12,42,55,38,24,41
2022-05-16,NA,57,NA,NA,NA,17,NA,9,59,39,81,127,106,55,119
2022-05-17,NA,39,5,NA,NA,27,NA,9,47,34,64,91,95,45,104
2022-05-18,NA,52,NA,NA,NA,11,NA,8,55,31,67,119,92,28,116
2022-05-19,NA,41,NA,NA,NA,22,NA,8,43,27,70,97,88,38,94
2022-05-20,NA,37,NA,NA,NA,17,NA,6,43,25,72,94,79,33,90
2022-05-21,NA,12,NA,NA,NA,10,NA,NA,12,14,26,28,25,14,39
2022-05-22,NA,22,NA,NA,NA,10,NA,NA,23,12,31,40,39,19,39
2022-05-23,NA,54,NA,NA,NA,17,NA,6,62,36,76,139,123,49,137
2022-05-24,NA,51,NA,NA,NA,20,NA,6,59,39,62,106,102,39,102
2022-05-25,NA,34,5,NA,NA,15,NA,9,38,28,63,94,80,40,95
2022-05-26,NA,22,NA,NA,NA,7,NA,NA,23,12,36,52,41,21,41
2022-05-27,NA,27,NA,NA,NA,16,NA,9,31,27,63,79,70,36,80
2022-05-28,NA,14,NA,NA,NA,9,NA,NA,15,7,25,32,25,17,33
2022-05-29,NA,18,NA,NA,NA,6,NA,NA,20,12,29,45,32,16,43
2022-05-30,NA,49,9,NA,NA,25,NA,11,58,31,80,120,112,43,104
2022-05-31,NA,51,NA,NA,NA,18,NA,7,56,30,73,121,91,42,105
2022-06-01,NA,53,5,NA,NA,24,NA,12,54,33,68,110,85,42,105
2022-06-02,NA,43,7,NA,NA,20,NA,10,49,35,53,94,92,33,96
2022-06-03,NA,32,NA,NA,NA,15,NA,NA,39,30,64,85,77,27,103
2022-06-04,NA,19,NA,NA,NA,9,NA,6,21,11,37,39,33,17,47
2022-06-05,NA,13,NA,NA,NA,11,NA,NA,15,12,27,35,30,20,35
2022-06-06,NA,28,NA,NA,NA,16,NA,NA,28,15,39,55,62,19,59
2022-06-07,NA,44,7,NA,NA,14,NA,14,53,31,82,120,100,46,118
2022-06-08,NA,40,5,NA,NA,22,NA,7,50,30,68,104,91,41,110
2022-06-09,NA,42,6,NA,NA,26,NA,12,45,35,54,99,96,38,101
2022-06-10,NA,38,NA,NA,NA,16,NA,9,40,24,63,84,69,32,91
2022-06-11,NA,15,NA,NA,NA,13,NA,7,18,11,34,43,39,20,30
2022-06-12,NA,20,NA,NA,NA,18,NA,6,24,23,31,53,42,22,48
2022-06-13,NA,53,NA,5,NA,21,NA,5,55,39,72,124,106,36,130
2022-06-14,NA,46,NA,NA,NA,22,NA,NA,47,35,64,99,88,34,93
2022-06-15,NA,39,7,NA,NA,13,NA,11,41,40,69,91,71,33,98
2022-06-16,NA,42,8,NA,NA,19,NA,12,45,28,62,92,82,31,94
2022-06-17,NA,34,NA,NA,NA,25,NA,6,36,19,59,77,73,31,81
2022-06-18,NA,17,5,NA,NA,10,NA,5,17,8,34,38,37,15,31
2022-06-19,NA,17,9,NA,NA,12,NA,14,19,14,39,46,37,32,44
2022-06-20,NA,55,6,NA,NA,19,NA,9,62,31,63,111,98,29,107
2022-06-21,NA,51,6,NA,NA,18,NA,8,56,31,57,107,89,33,99
2022-06-22,NA,42,5,NA,NA,33,NA,12,44,31,78,109,99,44,110
2022-06-23,NA,37,NA,NA,NA,12,NA,6,40,22,59,84,66,38,90
2022-06-24,NA,41,NA,NA,NA,22,NA,8,45,24,66,84,74,33,82
2022-06-25,NA,13,NA,NA,NA,7,NA,6,16,10,34,37,29,17,41
2022-06-26,NA,24,NA,NA,NA,13,NA,NA,27,13,34,51,34,20,51
2022-06-27,NA,50,NA,NA,NA,21,NA,8,60,35,74,117,97,35,123
2022-06-28,NA,30,5,NA,NA,13,NA,8,33,23,70,82,74,38,104
2022-06-29,NA,52,NA,NA,NA,14,NA,8,57,25,63,113,88,33,100
2022-06-30,NA,33,NA,NA,NA,12,NA,7,33,24,57,87,78,30,96
2022-07-01,NA,30,NA,5,NA,19,5,9,33,19,60,82,70,41,87
2022-07-02,NA,12,NA,NA,NA,13,NA,5,13,13,32,37,39,18,52
2022-07-03,NA,23,NA,NA,NA,NA,NA,7,24,9,35,43,34,24,47
2022-07-04,NA,42,5,NA,NA,20,NA,9,48,38,73,123,100,51,142
2022-07-05,NA,46,NA,NA,NA,23,NA,5,55,31,69,115,106,36,129
2022-07-06,NA,43,5,NA,NA,19,NA,10,49,24,63,104,90,51,122
2022-07-07,NA,33,NA,NA,NA,12,NA,6,37,23,58,92,74,35,94
2022-07-08,NA,31,7,NA,NA,24,NA,9,34,33,64,94,87,36,82
2022-07-09,NA,24,NA,NA,NA,19,NA,8,27,17,40,50,47,18,57
2022-07-10,NA,24,NA,NA,NA,5,NA,5,27,10,41,47,39,21,50
2022-07-11,NA,46,5,NA,NA,23,NA,12,48,24,66,103,87,36,89
2022-07-12,NA,47,NA,NA,NA,23,NA,NA,49,39,76,109,91,36,106
2022-07-13,NA,24,NA,NA,NA,15,NA,7,25,36,67,91,70,35,89
2022-07-14,NA,37,6,NA,NA,21,NA,13,41,31,67,93,83,39,92
2022-07-15,NA,33,5,NA,NA,16,NA,11,34,23,59,84,61,34,70
2022-07-16,NA,14,NA,NA,NA,10,NA,NA,15,10,39,36,30,17,40
2022-07-17,NA,20,NA,NA,NA,14,NA,5,20,8,40,54,44,20,41
2022-07-18,NA,54,NA,5,NA,22,NA,7,59,30,80,112,109,38,115
2022-07-19,NA,44,6,NA,NA,21,NA,9,48,30,68,92,83,35,98
2022-07-20,NA,42,NA,NA,NA,17,NA,9,45,21,70,97,82,40,109
2022-07-21,NA,41,NA,5,NA,35,NA,5,42,28,66,105,103,46,117
2022-07-22,NA,33,NA,NA,NA,17,NA,7,37,15,61,79,73,30,76
2022-07-23,NA,14,7,NA,NA,13,NA,15,17,13,38,49,38,26,39
2022-07-24,NA,20,NA,NA,NA,9,NA,7,20,15,37,43,36,19,39
2022-07-25,NA,51,NA,NA,NA,23,NA,11,52,33,81,114,94,46,112
2022-07-26,NA,51,NA,NA,NA,21,NA,7,51,32,77,107,97,34,102
2022-07-27,NA,38,6,NA,NA,16,NA,9,41,29,50,93,77,28,80
2022-07-28,NA,35,6,NA,NA,27,NA,7,37,19,70,90,80,30,102
2022-07-29,NA,27,NA,NA,NA,15,NA,9,30,23,60,71,72,26,74
2022-07-30,NA,19,NA,NA,NA,13,NA,NA,23,14,29,36,34,19,43
2022-07-31,NA,22,NA,NA,NA,6,NA,5,24,13,40,42,31,15,40
2022-08-01,NA,17,NA,NA,NA,13,NA,7,22,15,45,55,53,20,59
2022-08-02,NA,35,NA,NA,NA,24,NA,6,41,27,66,92,86,24,95
2022-08-03,NA,42,NA,NA,NA,17,NA,8,45,30,62,88,81,33,92
2022-08-04,NA,47,5,NA,NA,18,NA,6,52,26,50,89,77,23,88
2022-08-05,NA,20,NA,NA,NA,20,NA,6,23,16,48,65,65,25,83
2022-08-06,NA,13,NA,NA,NA,9,NA,NA,13,5,33,33,22,11,30
2022-08-07,NA,20,NA,NA,NA,14,NA,NA,21,15,33,41,34,15,41
2022-08-08,NA,43,NA,NA,NA,19,NA,5,48,37,75,115,90,33,97
2022-08-09,NA,28,NA,NA,NA,16,NA,10,30,29,58,78,78,29,93
2022-08-10,NA,31,NA,NA,NA,23,NA,9,34,32,69,98,80,29,113
2022-08-11,NA,37,6,NA,NA,15,NA,9,37,23,53,83,71,35,99
2022-08-12,NA,29,NA,NA,NA,16,NA,NA,31,21,53,63,54,17,62
2022-08-13,NA,8,NA,NA,NA,11,NA,5,10,9,31,29,23,16,30
2022-08-14,NA,19,NA,NA,NA,10,NA,NA,20,9,31,40,37,16,35
2022-08-15,NA,41,6,NA,NA,28,NA,9,45,31,82,96,92,38,97
2022-08-16,NA,48,NA,NA,NA,17,NA,7,52,24,65,111,101,38,119
2022-08-17,NA,42,NA,NA,NA,29,NA,7,48,30,64,103,92,37,114
2022-08-18,NA,42,NA,NA,NA,22,NA,11,45,34,56,94,77,33,88
2022-08-19,NA,33,NA,NA,NA,17,NA,8,34,26,60,81,72,35,85
2022-08-20,NA,11,NA,NA,NA,9,NA,NA,12,6,23,38,25,17,36
2022-08-21,NA,21,NA,NA,NA,9,NA,NA,22,11,31,37,32,12,36
2022-08-22,NA,50,NA,NA,NA,21,NA,6,51,31,70,117,98,31,122
2022-08-23,NA,44,NA,NA,NA,22,NA,9,45,23,66,91,85,41,87
2022-08-24,NA,38,5,NA,NA,26,NA,10,38,36,75,105,98,36,109
2022-08-25,NA,43,5,NA,NA,12,NA,6,43,35,57,105,84,31,107
2022-08-26,NA,31,NA,NA,NA,22,NA,NA,32,20,58,73,67,33,80
2022-08-27,NA,15,NA,NA,NA,11,NA,6,17,10,38,37,28,12,39
2022-08-28,NA,16,NA,NA,NA,6,NA,5,17,6,30,32,27,14,38
2022-08-29,NA,55,NA,NA,NA,23,NA,6,58,37,69,119,96,42,131
2022-08-30,NA,47,NA,NA,NA,27,NA,NA,50,36,61,112,105,41,104
2022-08-31,NA,54,NA,NA,NA,17,NA,8,56,29,63,110,86,37,93
2022-09-01,NA,37,NA,NA,NA,15,NA,6,38,16,53,78,65,26,78
2022-09-02,NA,28,6,NA,NA,22,NA,13,29,19,54,76,77,28,79
2022-09-03,NA,11,NA,NA,NA,13,NA,7,13,10,37,30,31,22,37
2022-09-04,NA,22,NA,NA,NA,18,NA,NA,23,11,41,50,42,22,48
2022-09-05,NA,47,8,NA,NA,14,NA,13,55,27,67,109,97,41,118
2022-09-06,NA,32,NA,NA,NA,17,NA,9,36,29,57,87,84,32,107
2022-09-07,NA,51,NA,NA,NA,15,NA,NA,53,29,57,92,80,33,95
2022-09-08,NA,49,7,NA,NA,17,NA,8,50,24,60,99,80,37,108
2022-09-09,NA,25,NA,NA,NA,18,NA,10,28,24,44,73,65,35,78
2022-09-10,NA,11,NA,NA,NA,5,NA,6,11,6,29,32,22,19,31
2022-09-11,NA,18,NA,NA,NA,12,NA,NA,18,10,35,37,31,16,39
2022-09-12,NA,43,6,NA,NA,26,NA,8,44,29,73,101,101,35,114
2022-09-13,NA,45,NA,NA,NA,19,NA,5,45,31,66,92,87,41,104
2022-09-14,NA,51,6,NA,NA,22,NA,8,52,27,78,113,100,41,114
2022-09-15,NA,48,NA,NA,NA,20,NA,6,51,26,57,97,86,41,103
2022-09-16,NA,22,5,NA,NA,10,NA,9,22,14,61,60,61,37,79
2022-09-17,NA,8,6,NA,NA,10,NA,6,8,7,33,32,35,17,34
2022-09-18,NA,21,NA,NA,NA,7,NA,7,21,11,28,42,39,20,42
2022-09-19,NA,56,5,NA,NA,16,NA,11,59,39,81,115,100,52,106
2022-09-20,NA,60,NA,NA,NA,14,NA,7,61,29,66,110,97,36,112
2022-09-21,NA,33,NA,NA,NA,19,NA,12,34,20,68,81,79,34,98
2022-09-22,NA,43,NA,NA,NA,23,NA,6,48,31,53,93,80,34,87
2022-09-23,NA,31,NA,NA,NA,13,NA,8,33,19,53,70,57,41,82
2022-09-24,NA,18,9,NA,NA,14,NA,10,19,8,42,39,33,26,36
2022-09-25,NA,15,NA,NA,NA,9,NA,6,15,10,26,33,32,16,31
2022-09-26,NA,49,11,5,NA,20,NA,18,52,30,65,104,98,43,106
2022-09-27,NA,37,8,NA,NA,15,NA,17,42,30,67,98,85,39,104
2022-09-28,NA,39,NA,NA,NA,17,NA,NA,42,27,57,85,71,39,94
2022-09-29,NA,47,NA,NA,NA,23,NA,8,49,22,61,103,80,38,92
2022-09-30,NA,27,NA,NA,NA,18,NA,6,28,29,53,67,56,33,67
2022-10-01,NA,10,5,NA,NA,6,NA,9,12,10,35,39,33,20,39
2022-10-02,NA,22,NA,NA,NA,16,NA,6,22,12,32,40,41,24,37
2022-10-03,NA,50,NA,NA,NA,18,NA,7,54,23,60,108,90,32,103
2022-10-04,NA,39,NA,NA,NA,15,NA,9,42,17,53,89,74,32,83
2022-10-05,NA,49,NA,NA,NA,19,NA,10,53,26,75,100,90,36,103
2022-10-06,NA,32,NA,NA,NA,17,NA,7,32,24,69,77,65,28,87
2022-10-07,NA,29,5,NA,NA,24,NA,10,31,15,55,69,60,34,76
2022-10-08,NA,18,NA,NA,NA,10,NA,8,20,13,39,49,34,24,44
2022-10-09,NA,17,NA,NA,NA,13,NA,6,18,8,27,42,35,23,41
2022-10-10,NA,38,NA,NA,NA,26,NA,9,42,27,70,107,100,45,100
2022-10-11,NA,39,NA,NA,NA,15,NA,7,42,29,58,83,75,28,94
2022-10-12,NA,45,NA,NA,NA,22,NA,9,47,28,70,107,92,43,126
2022-10-13,NA,34,NA,NA,NA,17,NA,8,41,23,56,94,77,46,109
2022-10-14,NA,26,NA,NA,NA,17,NA,5,29,30,62,78,73,31,99
2022-10-15,NA,17,NA,NA,NA,10,NA,NA,18,10,26,39,32,15,45
2022-10-16,NA,11,NA,NA,NA,9,NA,NA,14,12,31,39,37,25,44
2022-10-17,NA,37,10,NA,NA,20,NA,14,42,31,79,100,105,50,113
2022-10-18,NA,36,NA,NA,NA,10,NA,7,38,32,61,93,89,44,88
2022-10-19,NA,50,NA,NA,NA,12,NA,6,52,34,61,98,83,33,100
2022-10-20,NA,35,NA,NA,NA,24,NA,6,38,32,70,96,87,37,110
2022-10-21,NA,34,5,NA,NA,19,NA,11,36,21,66,75,76,36,88
2022-10-22,NA,14,5,NA,NA,11,NA,7,14,11,32,32,28,18,37
2022-10-23,NA,16,NA,NA,NA,12,NA,NA,17,8,35,41,36,13,40
2022-10-24,NA,53,6,NA,NA,22,NA,13,62,27,78,117,111,50,138
2022-10-25,NA,32,5,NA,NA,16,NA,11,37,31,57,84,87,41,99
2022-10-26,NA,51,NA,NA,NA,23,NA,8,54,38,76,114,102,47,113
2022-10-27,NA,42,NA,NA,NA,22,NA,13,46,21,71,98,91,33,102
2022-10-28,NA,33,5,NA,NA,19,NA,6,35,23,50,71,71,24,90
2022-10-29,NA,11,7,NA,NA,16,NA,9,14,10,31,34,34,23,42
2022-10-30,NA,19,NA,NA,NA,9,NA,8,21,10,43,51,34,22,47
2022-10-31,NA,48,8,NA,NA,22,NA,12,51,27,71,106,94,46,110
2022-11-01,NA,53,11,NA,NA,17,NA,15,55,33,64,107,87,28,108
2022-11-02,NA,31,NA,NA,NA,18,NA,8,33,22,47,70,62,34,81
2022-11-03,NA,48,11,NA,NA,25,5,16,49,33,71,102,85,38,94
2022-11-04,NA,27,NA,NA,NA,14,NA,8,28,27,52,66,62,34,76
2022-11-05,NA,12,NA,NA,NA,9,NA,10,13,10,37,31,33,23,44
2022-11-06,NA,25,8,NA,NA,10,NA,10,26,20,46,60,56,38,53
2022-11-07,NA,38,5,NA,NA,23,NA,11,41,30,86,111,110,56,131
2022-11-08,NA,45,12,NA,NA,14,NA,17,51,29,72,100,86,42,111
2022-11-09,NA,37,10,NA,NA,20,NA,15,38,23,70,88,87,44,108
2022-11-10,NA,33,5,5,NA,14,NA,9,34,20,64,78,79,28,84
2022-11-11,NA,41,9,NA,NA,17,7,16,42,25,57,85,79,47,92
2022-11-12,NA,19,5,NA,NA,7,NA,11,22,5,32,35,31,26,40
2022-11-13,NA,22,9,NA,NA,12,NA,14,23,21,36,52,48,31,48
2022-11-14,NA,47,10,NA,NA,18,NA,19,48,31,67,116,101,51,105
2022-11-15,6,35,15,NA,NA,16,6,23,37,32,66,94,78,49,98
2022-11-16,NA,40,7,NA,NA,21,NA,13,43,36,74,105,98,57,109
2022-11-17,NA,44,5,NA,NA,14,NA,8,50,32,55,96,73,38,102
2022-11-18,NA,30,7,NA,NA,15,NA,18,38,22,51,74,67,38,83
2022-11-19,NA,16,7,NA,NA,10,NA,11,16,9,33,36,27,25,28
2022-11-20,NA,15,8,NA,NA,7,NA,13,17,15,33,47,32,24,38
2022-11-21,NA,58,12,6,NA,22,6,19,61,34,78,138,109,65,133
2022-11-22,NA,48,9,NA,NA,14,NA,18,52,36,62,114,93,52,109
2022-11-23,NA,34,7,NA,NA,13,NA,8,36,27,56,86,88,34,80
2022-11-24,NA,42,8,NA,NA,14,NA,13,45,31,59,100,87,38,104
2022-11-25,NA,26,13,NA,NA,21,5,22,29,26,66,79,75,48,78
2022-11-26,NA,13,5,NA,NA,9,NA,9,13,12,40,37,33,19,37
2022-11-27,NA,11,8,NA,NA,6,NA,10,13,14,31,38,32,29,40
2022-11-28,NA,46,9,NA,NA,17,NA,18,52,33,63,113,100,49,128
2022-11-29,NA,44,10,NA,NA,16,NA,13,48,23,62,96,88,50,98
2022-11-30,NA,46,11,NA,NA,14,NA,19,50,31,76,105,81,51,87
2022-12-01,NA,44,5,NA,NA,14,NA,10,46,19,59,85,73,36,89
2022-12-02,NA,31,8,NA,NA,18,NA,14,32,23,67,92,86,46,77
2022-12-03,NA,15,12,NA,NA,12,NA,13,17,13,39,40,34,28,33
2022-12-04,NA,15,NA,NA,NA,9,NA,6,18,12,32,49,39,22,38
2022-12-05,NA,48,7,NA,NA,22,NA,9,48,27,56,100,94,45,99
2022-12-06,NA,49,7,NA,NA,17,6,12,49,37,67,111,90,51,103
2022-12-07,NA,37,5,5,NA,22,NA,12,38,30,61,101,84,33,88
2022-12-08,NA,46,8,NA,NA,16,NA,15,48,31,65,100,82,51,92
2022-12-09,NA,34,11,NA,NA,19,NA,19,36,21,60,76,59,42,70
2022-12-10,NA,14,NA,NA,NA,8,NA,7,16,8,30,34,21,18,40
2022-12-11,NA,16,6,NA,NA,16,NA,8,16,18,37,46,42,27,50
2022-12-12,NA,52,5,NA,NA,23,6,12,57,27,66,124,99,49,111
2022-12-13,NA,41,8,NA,NA,17,NA,13,45,26,54,103,87,48,107
2022-12-14,NA,39,5,NA,NA,15,NA,10,41,17,54,89,80,41,98
2022-12-15,NA,43,10,NA,NA,21,NA,16,48,40,73,104,102,48,106
2022-12-16,NA,34,9,NA,NA,16,NA,11,34,23,45,71,62,42,60
2022-12-17,NA,19,10,NA,NA,12,NA,11,20,13,39,43,40,33,44
2022-12-18,NA,19,8,NA,NA,11,NA,12,20,15,37,54,46,40,47
2022-12-19,NA,47,8,NA,NA,11,NA,18,48,36,63,110,100,52,102
2022-12-20,NA,45,8,NA,NA,13,5,16,45,24,60,90,85,48,101
2022-12-21,NA,43,5,NA,NA,24,NA,17,46,34,55,96,99,46,107
2022-12-22,NA,41,6,NA,NA,21,NA,11,44,33,69,106,86,57,88
2022-12-23,NA,30,9,NA,NA,21,NA,14,35,27,56,78,71,45,78
2022-12-24,NA,14,9,NA,NA,10,NA,13,15,17,22,39,34,30,35
2022-12-25,NA,10,10,NA,NA,11,NA,12,12,14,41,39,36,36,39
2022-12-26,NA,17,12,NA,NA,8,NA,18,19,17,40,52,35,36,46
2022-12-27,NA,31,10,NA,NA,21,NA,18,34,23,56,84,81,50,101
2022-12-28,NA,44,9,NA,NA,32,NA,18,47,30,66,103,89,53,95
2022-12-29,NA,33,8,NA,NA,20,NA,15,34,33,57,89,70,52,82
2022-12-30,NA,30,12,NA,NA,17,NA,15,32,29,62,78,65,49,75
2022-12-31,NA,12,8,NA,NA,6,NA,11,14,9,25,34,26,29,33
2023-01-01,NA,15,5,NA,NA,7,NA,10,20,11,41,43,36,37,38
2023-01-02,NA,19,11,NA,NA,19,NA,13,24,20,40,53,51,38,47
2023-01-03,NA,39,5,NA,NA,16,NA,10,41,34,63,101,87,43,110
2023-01-04,NA,42,6,NA,NA,14,NA,15,45,24,63,93,94,46,101
2023-01-05,NA,41,8,NA,NA,16,NA,9,43,31,62,104,87,46,104
2023-01-06,NA,40,NA,NA,NA,17,NA,9,43,24,54,88,67,38,77
2023-01-07,NA,10,6,NA,NA,NA,NA,9,12,12,33,33,25,23,42
2023-01-08,NA,23,6,NA,NA,14,NA,9,24,12,42,56,49,27,48
2023-01-09,NA,69,5,NA,NA,19,NA,12,69,35,67,131,107,52,121
2023-01-10,NA,54,9,NA,NA,22,NA,13,58,38,73,128,105,49,135
2023-01-11,NA,44,NA,NA,NA,22,NA,9,44,22,64,104,96,44,120
2023-01-12,NA,44,6,NA,NA,22,NA,10,45,33,65,91,88,41,98
2023-01-13,NA,42,NA,NA,NA,17,NA,7,42,16,63,77,74,44,79
2023-01-14,NA,14,5,NA,NA,6,NA,9,14,15,33,34,24,19,33
2023-01-15,NA,21,NA,NA,NA,7,NA,6,21,13,39,48,32,18,38
2023-01-16,NA,52,10,NA,NA,21,NA,17,59,36,71,119,119,54,117
2023-01-17,NA,46,5,NA,NA,14,NA,8,51,23,51,102,70,45,89
2023-01-18,NA,41,5,NA,NA,15,NA,8,42,24,67,109,79,35,90
2023-01-19,NA,51,NA,NA,NA,27,NA,8,55,35,69,106,98,47,100
2023-01-20,NA,45,5,NA,NA,17,NA,9,47,25,54,92,85,38,86
2023-01-21,NA,15,NA,NA,NA,8,NA,7,15,8,28,28,24,22,23
2023-01-22,NA,14,NA,NA,NA,17,NA,7,14,11,29,38,33,23,40
2023-01-23,NA,48,NA,NA,NA,26,NA,11,48,32,78,121,109,55,136
2023-01-24,NA,52,6,NA,NA,11,NA,9,60,37,72,126,91,45,123
2023-01-25,NA,42,5,NA,NA,21,NA,8,49,27,71,101,91,33,95
2023-01-26,NA,38,5,NA,NA,19,NA,6,43,25,56,81,77,37,95
2023-01-27,NA,34,NA,NA,NA,23,NA,7,40,23,57,82,79,36,62
2023-01-28,NA,11,NA,NA,NA,8,NA,7,13,13,26,34,24,20,27
2023-01-29,NA,16,NA,NA,NA,7,NA,NA,18,15,31,42,33,16,47
2023-01-30,NA,50,NA,NA,NA,15,NA,6,53,21,79,110,97,47,122
2023-01-31,NA,44,NA,NA,NA,16,NA,11,48,20,63,94,85,42,103
2023-02-01,NA,42,NA,NA,NA,20,NA,7,47,33,75,119,103,48,116
2023-02-02,NA,42,6,NA,NA,16,NA,7,44,27,62,99,96,38,98
2023-02-03,NA,37,NA,NA,NA,20,NA,6,40,23,50,76,64,33,77
2023-02-04,NA,14,NA,NA,NA,8,NA,NA,15,13,24,34,30,16,34
2023-02-05,NA,20,NA,NA,NA,10,NA,9,21,10,32,48,28,24,42
2023-02-06,NA,56,7,NA,NA,23,NA,14,63,32,68,118,113,53,100
2023-02-07,NA,46,NA,NA,NA,22,NA,10,50,23,74,114,91,61,111
2023-02-08,NA,36,NA,NA,NA,11,NA,NA,40,25,47,83,72,37,90
2023-02-09,NA,48,NA,NA,NA,18,NA,7,52,29,60,107,97,43,101
2023-02-10,NA,29,5,NA,NA,15,NA,9,32,20,63,90,70,43,87
2023-02-11,NA,16,NA,NA,NA,10,NA,NA,19,11,29,36,26,22,32
2023-02-12,NA,27,NA,NA,NA,12,NA,7,30,21,41,59,45,31,44
2023-02-13,NA,64,NA,NA,NA,15,NA,10,72,29,68,119,103,50,109
2023-02-14,NA,56,NA,NA,NA,15,NA,6,62,35,70,119,104,47,104
2023-02-15,NA,46,NA,NA,NA,15,NA,8,49,18,58,99,91,45,107
2023-02-16,NA,41,NA,NA,NA,13,NA,NA,41,30,51,98,74,34,91
2023-02-17,NA,29,8,NA,NA,13,NA,9,32,26,55,70,62,35,89
2023-02-18,NA,22,5,NA,NA,5,NA,7,23,12,36,45,37,22,36
2023-02-19,NA,20,NA,NA,NA,6,NA,7,21,16,32,46,40,18,45
2023-02-20,NA,51,6,NA,NA,20,NA,10,58,33,79,125,107,57,137
2023-02-21,NA,45,6,NA,NA,17,NA,13,46,32,67,106,102,51,106
2023-02-22,NA,32,5,NA,NA,19,NA,7,35,29,57,95,87,36,99
2023-02-23,NA,46,NA,NA,NA,16,NA,NA,49,22,57,90,79,30,84
2023-02-24,NA,39,15,NA,NA,23,NA,25,45,38,88,102,100,59,101
2023-02-25,NA,16,5,NA,NA,13,NA,6,16,14,22,36,30,21,34
2023-02-26,NA,18,NA,NA,NA,10,NA,NA,19,15,23,49,32,18,42
2023-02-27,NA,49,NA,NA,NA,20,NA,9,53,27,73,106,95,42,111
2023-02-28,NA,51,5,NA,NA,17,NA,8,54,24,54,100,85,43,103
2023-03-01,NA,46,NA,NA,NA,12,NA,5,52,41,63,104,103,39,110
2023-03-02,NA,42,NA,NA,NA,19,NA,9,46,31,67,112,96,40,105
2023-03-03,NA,26,7,NA,NA,11,NA,9,27,21,50,73,58,33,77
2023-03-04,NA,14,5,NA,NA,13,NA,7,17,10,33,43,35,23,38
2023-03-05,NA,17,5,NA,NA,15,NA,9,17,10,40,51,40,28,51
2023-03-06,NA,57,NA,NA,NA,21,NA,10,64,38,85,132,107,53,133
2023-03-07,NA,50,12,NA,NA,19,NA,18,54,34,71,114,95,51,92
2023-03-08,NA,50,NA,NA,NA,21,NA,10,54,34,64,112,105,41,118
2023-03-09,NA,51,NA,NA,NA,13,NA,9,55,30,65,101,78,42,104
2023-03-10,NA,30,NA,NA,NA,18,NA,5,34,25,47,78,71,25,85
2023-03-11,NA,16,NA,NA,NA,7,NA,10,17,8,32,40,31,24,44
2023-03-12,NA,15,NA,NA,NA,11,NA,7,17,12,42,49,35,22,41
2023-03-13,NA,45,NA,NA,NA,21,NA,12,53,29,74,113,101,53,112
2023-03-14,NA,46,12,NA,NA,13,NA,13,48,28,67,105,85,53,99
2023-03-15,NA,43,NA,NA,NA,16,NA,10,46,36,74,108,94,41,101
2023-03-16,NA,50,5,NA,NA,10,NA,7,51,33,60,107,89,34,99
2023-03-17,NA,34,NA,NA,NA,19,NA,11,38,22,65,87,68,34,78
2023-03-18,NA,15,NA,NA,NA,12,NA,5,15,7,29,33,32,15,33
2023-03-19,NA,24,NA,NA,NA,8,NA,6,24,9,33,49,45,24,49
2023-03-20,NA,56,8,NA,NA,17,NA,14,68,32,72,131,118,48,114
2023-03-21,NA,45,NA,NA,NA,16,NA,8,49,19,82,105,88,40,103
2023-03-22,NA,35,NA,NA,NA,13,NA,9,37,24,63,98,87,38,110
2023-03-23,NA,47,NA,NA,NA,18,NA,8,51,30,73,107,95,38,110
2023-03-24,NA,33,NA,NA,NA,18,NA,6,37,25,57,83,75,38,92
2023-03-25,NA,11,NA,NA,NA,14,NA,NA,12,10,29,37,35,19,39
2023-03-26,NA,22,7,NA,NA,7,NA,9,24,11,32,48,37,22,41
2023-03-27,NA,56,NA,NA,NA,17,NA,9,58,21,70,116,85,35,97
2023-03-28,NA,52,6,NA,NA,18,NA,15,54,30,68,113,81,57,101
2023-03-29,NA,46,NA,NA,NA,17,NA,6,47,28,57,101,87,36,90
2023-03-30,NA,44,6,NA,NA,19,NA,14,53,24,67,108,81,44,109
2023-03-31,NA,37,NA,NA,NA,17,NA,NA,41,28,59,77,68,36,84
2023-04-01,NA,14,NA,NA,NA,NA,NA,6,15,13,28,39,25,15,35
2023-04-02,NA,25,NA,NA,NA,11,NA,5,28,16,34,53,52,32,46
2023-04-03,NA,54,7,NA,NA,20,NA,14,59,34,76,133,105,51,118
2023-04-04,NA,59,5,NA,NA,10,NA,9,62,23,62,111,99,37,112
2023-04-05,NA,46,5,NA,NA,21,NA,7,51,32,72,111,90,36,114
2023-04-06,NA,29,NA,NA,NA,13,NA,6,30,24,56,83,67,29,88
2023-04-07,NA,10,NA,NA,NA,11,NA,8,13,11,32,27,29,18,29
2023-04-08,NA,18,NA,NA,NA,11,NA,5,19,12,38,46,39,21,44
2023-04-09,NA,12,NA,NA,NA,5,NA,11,12,10,26,35,21,22,23
2023-04-10,NA,16,NA,NA,NA,12,NA,NA,17,15,35,47,42,21,50
2023-04-11,NA,54,6,NA,NA,20,NA,13,54,38,60,122,107,50,126
2023-04-12,NA,45,5,NA,NA,24,NA,9,48,33,81,110,108,43,114
2023-04-13,NA,43,NA,NA,NA,24,NA,7,46,23,72,96,87,31,105
2023-04-14,NA,29,6,NA,NA,22,NA,10,31,20,60,87,77,33,94
2023-04-15,NA,10,NA,NA,NA,13,NA,7,11,6,34,32,28,19,33
2023-04-16,NA,17,NA,NA,NA,7,NA,8,17,11,29,43,27,22,38
2023-04-17,NA,51,NA,NA,NA,22,NA,6,54,33,64,123,99,35,114
2023-04-18,NA,47,NA,NA,NA,20,NA,10,50,27,81,110,97,52,109
2023-04-19,NA,47,7,NA,NA,19,NA,12,51,28,71,113,99,47,108
2023-04-20,NA,33,NA,NA,NA,16,NA,5,35,24,53,85,68,35,83
2023-04-21,NA,20,NA,NA,NA,13,NA,7,21,21,51,65,62,30,64
2023-04-22,NA,17,NA,NA,NA,5,NA,NA,17,6,37,30,27,16,29
2023-04-23,NA,16,NA,NA,NA,18,NA,5,17,11,38,53,44,20,40
2023-04-24,NA,59,7,NA,NA,19,NA,10,61,27,73,119,107,45,121
2023-04-25,NA,56,NA,NA,NA,15,NA,5,57,39,73,120,93,43,134
2023-04-26,NA,34,NA,NA,NA,16,NA,5,37,26,53,89,82,27,93
2023-04-27,NA,35,NA,NA,NA,15,NA,5,36,26,54,87,71,30,95
2023-04-28,NA,34,NA,NA,NA,16,NA,5,39,13,43,70,62,27,79
2023-04-29,NA,11,6,NA,NA,NA,NA,8,12,8,19,27,22,15,29
2023-04-30,NA,22,NA,NA,NA,13,NA,5,24,18,37,41,34,23,50
2023-05-01,NA,46,8,NA,NA,19,NA,14,50,25,61,120,105,44,107
2023-05-02,NA,33,NA,NA,NA,25,NA,6,36,29,54,86,88,36,96
2023-05-03,NA,48,NA,NA,NA,16,NA,9,51,34,56,104,102,36,114
2023-05-04,NA,39,NA,NA,NA,13,NA,5,40,31,47,82,73,39,83
2023-05-05,NA,22,NA,NA,NA,16,NA,NA,23,21,44,61,62,30,79
2023-05-06,NA,9,5,NA,NA,6,NA,5,9,9,22,28,22,9,38
2023-05-07,NA,23,5,NA,NA,13,NA,7,25,19,32,44,42,21,40
2023-05-08,NA,50,NA,NA,NA,21,NA,9,52,27,50,119,98,37,110
2023-05-09,NA,40,NA,NA,NA,20,NA,8,43,26,50,86,90,32,95
2023-05-10,NA,43,6,NA,NA,18,NA,9,49,36,65,110,98,44,107
2023-05-11,NA,36,NA,NA,NA,15,NA,9,37,26,56,83,78,34,74
2023-05-12,NA,28,NA,NA,NA,18,NA,5,30,21,46,64,57,31,65
2023-05-13,NA,15,5,NA,NA,9,NA,8,16,6,24,28,27,18,27
2023-05-14,NA,11,NA,NA,NA,8,NA,NA,13,7,22,31,26,13,34
2023-05-15,NA,56,9,NA,NA,20,NA,11,60,43,83,127,118,47,117
2023-05-16,NA,39,NA,NA,NA,12,NA,9,41,34,53,89,78,37,118
2023-05-17,NA,33,NA,NA,NA,15,NA,6,36,23,46,72,75,23,68
2023-05-18,NA,14,NA,NA,NA,8,NA,5,14,12,36,42,34,20,41
2023-05-19,NA,44,5,NA,NA,19,NA,11,46,39,60,94,82,49,90
2023-05-20,NA,11,NA,NA,NA,6,NA,7,12,16,30,31,28,15,30
2023-05-21,NA,20,NA,NA,NA,6,NA,NA,22,10,21,36,33,16,39
2023-05-22,NA,34,8,NA,NA,24,NA,15,37,37,58,98,111,49,113
2023-05-23,NA,45,NA,NA,NA,20,NA,6,49,38,66,108,88,39,111
2023-05-24,NA,42,NA,NA,NA,13,NA,5,44,21,51,94,67,34,94
2023-05-25,NA,33,7,NA,NA,16,NA,12,35,23,50,79,74,41,84
2023-05-26,NA,27,6,NA,NA,20,NA,9,29,29,48,70,71,37,78
2023-05-27,NA,13,NA,NA,NA,5,NA,NA,14,NA,30,26,23,12,25
2023-05-28,NA,8,NA,NA,NA,NA,NA,NA,11,10,25,33,23,11,30
2023-05-29,NA,22,5,NA,NA,13,NA,7,24,24,32,56,49,25,56
2023-05-30,NA,43,NA,NA,NA,28,NA,6,46,37,81,110,106,41,116
2023-05-31,NA,28,NA,NA,NA,14,NA,7,31,31,44,78,79,26,90
2023-06-01,NA,29,5,NA,NA,15,NA,6,31,15,46,77,67,27,85
2023-06-02,NA,25,5,NA,NA,13,NA,6,26,29,44,70,60,34,77
2023-06-03,NA,12,NA,NA,NA,6,NA,NA,12,14,21,31,26,10,22
2023-06-04,NA,15,NA,NA,NA,6,NA,5,18,13,32,39,27,16,40
2023-06-05,NA,37,6,NA,NA,17,NA,11,42,35,57,100,82,42,98
2023-06-06,NA,23,NA,NA,NA,12,NA,6,26,27,52,80,69,33,90
2023-06-07,NA,37,NA,NA,NA,17,NA,NA,39,29,47,90,88,31,99
2023-06-08,NA,52,NA,NA,NA,16,NA,7,52,25,52,88,80,28,69
2023-06-09,NA,31,NA,NA,NA,14,NA,6,32,24,53,80,74,27,75
2023-06-10,NA,11,5,NA,NA,7,NA,5,12,14,26,32,26,15,28
2023-06-11,NA,12,6,NA,NA,9,NA,7,12,9,31,37,39,17,33
2023-06-12,NA,47,5,NA,NA,15,NA,7,50,26,55,110,100,35,97
2023-06-13,NA,43,NA,NA,NA,13,NA,5,44,31,61,95,76,43,100
2023-06-14,NA,40,6,NA,NA,15,NA,14,42,29,51,87,74,39,93
2023-06-15,NA,38,NA,NA,NA,8,NA,NA,40,26,54,85,75,34,90
2023-06-16,NA,38,NA,NA,NA,13,NA,9,39,19,43,73,65,21,74
2023-06-17,NA,8,NA,NA,NA,6,NA,NA,8,6,19,24,19,10,29
2023-06-18,NA,22,NA,NA,NA,14,NA,NA,23,15,29,48,38,11,40
2023-06-19,NA,50,5,NA,NA,16,NA,10,50,26,60,121,98,50,126
2023-06-20,NA,40,NA,NA,NA,16,NA,NA,41,21,53,93,79,39,100
2023-06-21,NA,36,NA,NA,NA,13,NA,5,37,30,47,78,73,19,70
2023-06-22,NA,31,NA,NA,NA,13,NA,NA,32,33,43,79,63,30,78
2023-06-23,NA,30,NA,NA,NA,13,NA,5,30,14,45,59,63,19,68
2023-06-24,NA,8,NA,NA,NA,NA,NA,NA,10,5,22,27,17,7,31
2023-06-25,NA,13,NA,NA,NA,11,NA,6,13,6,25,31,27,18,36
2023-06-26,NA,29,NA,NA,NA,19,NA,12,34,29,59,99,86,40,91
2023-06-27,NA,44,NA,NA,NA,17,NA,NA,46,27,48,91,71,39,87
2023-06-28,NA,36,NA,NA,NA,12,NA,6,42,24,45,92,79,30,84
2023-06-29,NA,30,NA,NA,NA,18,NA,NA,34,27,45,84,74,23,71
2023-06-30,NA,27,NA,NA,NA,15,NA,NA,29,20,44,74,63,27,64
