date_day,visits
2020-01-01,140
2020-01-02,153
2020-01-03,161
2020-01-04,126
2020-01-05,133
2020-01-06,134
2020-01-07,116
2020-01-08,130
2020-01-09,123
2020-01-10,140
2020-01-11,129
2020-01-12,116
2020-01-13,138
2020-01-14,139
2020-01-15,119
2020-01-16,115
2020-01-17,158
2020-01-18,134
2020-01-19,144
2020-01-20,139
2020-01-21,115
2020-01-22,114
2020-01-23,124
2020-01-24,135
2020-01-25,130
2020-01-26,128
2020-01-27,144
2020-01-28,118
2020-01-29,123
2020-01-30,133
2020-01-31,137
2020-02-01,138
2020-02-02,128
2020-02-03,141
2020-02-04,122
2020-02-05,119
2020-02-06,131
2020-02-07,125
2020-02-08,147
2020-02-09,111
2020-02-10,148
2020-02-11,118
2020-02-12,129
2020-02-13,133
2020-02-14,130
2020-02-15,155
2020-02-16,136
2020-02-17,166
2020-02-18,149
2020-02-19,131
2020-02-20,135
2020-02-21,129
2020-02-22,136
2020-02-23,139
2020-02-24,150
2020-02-25,131
2020-02-26,107
2020-02-27,146
2020-02-28,183
2020-02-29,156
2020-03-01,151
2020-03-02,204
2020-03-03,144
2020-03-04,123
2020-03-05,127
2020-03-06,156
2020-03-07,130
2020-03-08,124
2020-03-09,139
2020-03-10,134
2020-03-11,154
2020-03-12,222
2020-03-13,217
2020-03-14,178
2020-03-15,171
2020-03-16,297
2020-03-17,301
2020-03-18,242
2020-03-19,223
2020-03-20,188
2020-03-21,147
2020-03-22,123
2020-03-23,206
2020-03-24,150
2020-03-25,138
2020-03-26,138
2020-03-27,120
2020-03-28,107
2020-03-29,96
2020-03-30,137
2020-03-31,133
2020-04-01,115
2020-04-02,87
2020-04-03,110
2020-04-04,122
2020-04-05,74
2020-04-06,142
2020-04-07,104
2020-04-08,97
2020-04-09,119
2020-04-10,112
2020-04-11,121
2020-04-12,105
2020-04-13,105
2020-04-14,111
2020-04-15,114
2020-04-16,96
2020-04-17,102
2020-04-18,110
2020-04-19,106
2020-04-20,126
2020-04-21,119
2020-04-22,97
2020-04-23,106
2020-04-24,120
2020-04-25,118
2020-04-26,92
2020-04-27,113
2020-04-28,90
2020-04-29,107
2020-04-30,116
2020-05-01,129
2020-05-02,100
2020-05-03,96
2020-05-04,126
2020-05-05,106
2020-05-06,110
2020-05-07,111
2020-05-08,111
2020-05-09,124
2020-05-10,98
2020-05-11,103
2020-05-12,116
2020-05-13,104
2020-05-14,88
2020-05-15,109
2020-05-16,101
2020-05-17,113
2020-05-18,133
2020-05-19,114
2020-05-20,136
2020-05-21,140
2020-05-22,117
2020-05-23,103
2020-05-24,108
2020-05-25,133
2020-05-26,129
2020-05-27,128
2020-05-28,116
2020-05-29,148
2020-05-30,146
2020-05-31,143
2020-06-01,131
2020-06-02,153
2020-06-03,128
2020-06-04,109
2020-06-05,107
2020-06-06,118
2020-06-07,135
2020-06-08,145
2020-06-09,133
2020-06-10,135
2020-06-11,139
2020-06-12,147
2020-06-13,141
2020-06-14,144
2020-06-15,161
2020-06-16,155
2020-06-17,126
2020-06-18,125
2020-06-19,148
2020-06-20,159
2020-06-21,149
2020-06-22,148
2020-06-23,151
2020-06-24,145
2020-06-25,164
2020-06-26,181
2020-06-27,176
2020-06-28,195
2020-06-29,194
2020-06-30,160
2020-07-01,188
2020-07-02,196
2020-07-03,220
2020-07-04,180
2020-07-05,172
2020-07-06,178
2020-07-07,179
2020-07-08,173
2020-07-09,152
2020-07-10,182
2020-07-11,164
2020-07-12,168
2020-07-13,184
2020-07-14,164
2020-07-15,162
2020-07-16,158
2020-07-17,152
2020-07-18,152
2020-07-19,145
2020-07-20,160
2020-07-21,146
2020-07-22,162
2020-07-23,131
2020-07-24,150
2020-07-25,158
2020-07-26,165
2020-07-27,204
2020-07-28,172
2020-07-29,154
2020-07-30,174
2020-07-31,165
2020-08-01,152
2020-08-02,152
2020-08-03,165
2020-08-04,129
2020-08-05,153
2020-08-06,161
2020-08-07,144
2020-08-08,167
2020-08-09,148
2020-08-10,175
2020-08-11,193
2020-08-12,169
2020-08-13,174
2020-08-14,198
2020-08-15,159
2020-08-16,179
2020-08-17,197
2020-08-18,148
2020-08-19,184
2020-08-20,207
2020-08-21,180
2020-08-22,212
2020-08-23,192
2020-08-24,214
2020-08-25,201
2020-08-26,172
2020-08-27,182
2020-08-28,194
2020-08-29,218
2020-08-30,188
2020-08-31,229
2020-09-01,248
2020-09-02,229
2020-09-03,223
2020-09-04,217
2020-09-05,229
2020-09-06,211
2020-09-07,225
2020-09-08,199
2020-09-09,215
2020-09-10,181
2020-09-11,190
2020-09-12,202
2020-09-13,193
2020-09-14,238
2020-09-15,229
2020-09-16,215
2020-09-17,195
2020-09-18,241
2020-09-19,210
2020-09-20,170
2020-09-21,202
2020-09-22,187
2020-09-23,185
2020-09-24,165
2020-09-25,172
2020-09-26,169
2020-09-27,142
2020-09-28,183
2020-09-29,163
2020-09-30,179
2020-10-01,181
2020-10-02,191
2020-10-03,182
2020-10-04,169
2020-10-05,231
2020-10-06,213
2020-10-07,179
2020-10-08,206
2020-10-09,226
2020-10-10,213
2020-10-11,153
2020-10-12,219
2020-10-13,222
2020-10-14,265
2020-10-15,211
2020-10-16,255
2020-10-17,242
2020-10-18,208
2020-10-19,279
2020-10-20,241
2020-10-21,277
2020-10-22,276
2020-10-23,308
2020-10-24,348
2020-10-25,307
2020-10-26,292
2020-10-27,277
2020-10-28,286
2020-10-29,271
2020-10-30,264
2020-10-31,281
2020-11-01,258
2020-11-02,324
2020-11-03,253
2020-11-04,221
2020-11-05,246
2020-11-06,223
2020-11-07,200
2020-11-08,222
2020-11-09,255
2020-11-10,191
2020-11-11,188
2020-11-12,206
2020-11-13,174
2020-11-14,210
2020-11-15,153
2020-11-16,181
2020-11-17,153
2020-11-18,166
2020-11-19,161
2020-11-20,198
2020-11-21,183
2020-11-22,158
2020-11-23,203
2020-11-24,178
2020-11-25,165
2020-11-26,167
2020-11-27,193
2020-11-28,187
2020-11-29,182
2020-11-30,167
2020-12-01,192
2020-12-02,196
2020-12-03,183
2020-12-04,209
2020-12-05,173
2020-12-06,145
2020-12-07,209
2020-12-08,197
2020-12-09,220
2020-12-10,200
2020-12-11,181
2020-12-12,192
2020-12-13,166
2020-12-14,192
2020-12-15,210
2020-12-16,190
2020-12-17,247
2020-12-18,223
2020-12-19,240
2020-12-20,211
2020-12-21,242
2020-12-22,233
2020-12-23,224
2020-12-24,210
2020-12-25,198
2020-12-26,204
2020-12-27,183
2020-12-28,197
2020-12-29,162
2020-12-30,180
2020-12-31,194
2021-01-01,189
2021-01-02,205
2021-01-03,163
2021-01-04,191
2021-01-05,167
2021-01-06,152
2021-01-07,160
2021-01-08,157
2021-01-09,159
2021-01-10,147
2021-01-11,166
2021-01-12,175
2021-01-13,171
2021-01-14,142
2021-01-15,173
2021-01-16,163
2021-01-17,115
2021-01-18,171
2021-01-19,159
2021-01-20,159
2021-01-21,165
2021-01-22,161
2021-01-23,145
2021-01-24,154
2021-01-25,160
2021-01-26,172
2021-01-27,160
2021-01-28,172
2021-01-29,167
2021-01-30,137
2021-01-31,135
2021-02-01,194
2021-02-02,149
2021-02-03,166
2021-02-04,203
2021-02-05,164
2021-02-06,168
2021-02-07,166
2021-02-08,147
2021-02-09,153
2021-02-10,158
2021-02-11,150
2021-02-12,161
2021-02-13,151
2021-02-14,136
2021-02-15,151
2021-02-16,156
2021-02-17,148
2021-02-18,159
2021-02-19,158
2021-02-20,133
2021-02-21,131
2021-02-22,174
2021-02-23,148
2021-02-24,177
2021-02-25,188
2021-02-26,176
2021-02-27,174
2021-02-28,168
2021-03-01,198
2021-03-02,199
2021-03-03,188
2021-03-04,183
2021-03-05,197
2021-03-06,204
2021-03-07,183
2021-03-08,184
2021-03-09,186
2021-03-10,174
2021-03-11,208
2021-03-12,193
2021-03-13,165
2021-03-14,168
2021-03-15,203
2021-03-16,164
2021-03-17,175
2021-03-18,158
2021-03-19,158
2021-03-20,180
2021-03-21,169
2021-03-22,177
2021-03-23,177
2021-03-24,187
2021-03-25,222
2021-03-26,202
2021-03-27,224
2021-03-28,185
2021-03-29,226
2021-03-30,246
2021-03-31,233
2021-04-01,235
2021-04-02,243
2021-04-03,240
2021-04-04,176
2021-04-05,202
2021-04-06,195
2021-04-07,192
2021-04-08,242
2021-04-09,217
2021-04-10,188
2021-04-11,182
2021-04-12,171
2021-04-13,179
2021-04-14,176
2021-04-15,159
2021-04-16,180
2021-04-17,172
2021-04-18,172
2021-04-19,170
2021-04-20,156
2021-04-21,166
2021-04-22,209
2021-04-23,174
2021-04-24,183
2021-04-25,180
2021-04-26,167
2021-04-27,161
2021-04-28,189
2021-04-29,180
2021-04-30,172
2021-05-01,183
2021-05-02,162
2021-05-03,183
2021-05-04,156
2021-05-05,178
2021-05-06,212
2021-05-07,200
2021-05-08,177
2021-05-09,185
2021-05-10,199
2021-05-11,204
2021-05-12,207
2021-05-13,164
2021-05-14,214
2021-05-15,183
2021-05-16,160
2021-05-17,164
2021-05-18,160
2021-05-19,187
2021-05-20,197
2021-05-21,158
2021-05-22,200
2021-05-23,170
2021-05-24,158
2021-05-25,171
2021-05-26,163
2021-05-27,154
2021-05-28,181
2021-05-29,170
2021-05-30,174
2021-05-31,170
2021-06-01,164
2021-06-02,154
2021-06-03,202
2021-06-04,168
2021-06-05,174
2021-06-06,184
2021-06-07,149
2021-06-08,137
2021-06-09,150
2021-06-10,185
2021-06-11,198
2021-06-12,186
2021-06-13,163
2021-06-14,167
2021-06-15,153
2021-06-16,151
2021-06-17,169
2021-06-18,186
2021-06-19,176
2021-06-20,147
2021-06-21,170
2021-06-22,151
2021-06-23,155
2021-06-24,140
2021-06-25,148
2021-06-26,176
2021-06-27,153
2021-06-28,150
2021-06-29,174
2021-06-30,161
2021-07-01,183
2021-07-02,183
2021-07-03,166
2021-07-04,156
2021-07-05,190
2021-07-06,148
2021-07-07,146
2021-07-08,165
2021-07-09,139
2021-07-10,173
2021-07-11,142
2021-07-12,173
2021-07-13,129
2021-07-14,166
2021-07-15,136
2021-07-16,170
2021-07-17,169
2021-07-18,145
2021-07-19,155
2021-07-20,145
2021-07-21,187
2021-07-22,155
2021-07-23,170
2021-07-24,162
2021-07-25,163
2021-07-26,156
2021-07-27,148
2021-07-28,155
2021-07-29,168
2021-07-30,168
2021-07-31,162
2021-08-01,164
2021-08-02,165
2021-08-03,162
2021-08-04,175
2021-08-05,134
2021-08-06,148
2021-08-07,166
2021-08-08,202
2021-08-09,182
2021-08-10,186
2021-08-11,193
2021-08-12,172
2021-08-13,184
2021-08-14,199
2021-08-15,195
2021-08-16,194
2021-08-17,168
2021-08-18,176
2021-08-19,182
2021-08-20,170
2021-08-21,208
2021-08-22,176
2021-08-23,201
2021-08-24,181
2021-08-25,180
2021-08-26,191
2021-08-27,201
2021-08-28,184
2021-08-29,208
2021-08-30,194
2021-08-31,188
2021-09-01,274
2021-09-02,224
2021-09-03,231
2021-09-04,207
2021-09-05,220
2021-09-06,199
2021-09-07,200
2021-09-08,214
2021-09-09,224
2021-09-10,209
2021-09-11,188
2021-09-12,186
2021-09-13,220
2021-09-14,205
2021-09-15,211
2021-09-16,207
2021-09-17,218
2021-09-18,179
2021-09-19,163
2021-09-20,203
2021-09-21,201
2021-09-22,181
2021-09-23,191
2021-09-24,213
2021-09-25,170
2021-09-26,153
2021-09-27,170
2021-09-28,174
2021-09-29,175
2021-09-30,165
2021-10-01,167
2021-10-02,174
2021-10-03,177
2021-10-04,176
2021-10-05,166
2021-10-06,158
2021-10-07,120
2021-10-08,163
2021-10-09,148
2021-10-10,147
2021-10-11,168
2021-10-12,161
2021-10-13,156
2021-10-14,157
2021-10-15,147
2021-10-16,158
2021-10-17,137
2021-10-18,176
2021-10-19,148
2021-10-20,190
2021-10-21,170
2021-10-22,155
2021-10-23,169
2021-10-24,146
2021-10-25,175
2021-10-26,189
2021-10-27,144
2021-10-28,168
2021-10-29,157
2021-10-30,141
2021-10-31,151
2021-11-01,164
2021-11-02,180
2021-11-03,165
2021-11-04,169
2021-11-05,184
2021-11-06,165
2021-11-07,190
2021-11-08,208
2021-11-09,190
2021-11-10,191
2021-11-11,161
2021-11-12,186
2021-11-13,187
2021-11-14,171
2021-11-15,198
2021-11-16,206
2021-11-17,205
2021-11-18,203
2021-11-19,200
2021-11-20,196
2021-11-21,203
2021-11-22,239
2021-11-23,183
2021-11-24,183
2021-11-25,175
2021-11-26,196
2021-11-27,193
2021-11-28,206
2021-11-29,219
2021-11-30,197
2021-12-01,216
2021-12-02,209
2021-12-03,193
2021-12-04,209
2021-12-05,198
2021-12-06,207
2021-12-07,180
2021-12-08,204
2021-12-09,195
2021-12-10,159
2021-12-11,187
2021-12-12,166
2021-12-13,214
2021-12-14,186
2021-12-15,174
2021-12-16,178
2021-12-17,193
2021-12-18,183
2021-12-19,174
2021-12-20,208
2021-12-21,195
2021-12-22,210
2021-12-23,218
2021-12-24,188
2021-12-25,189
2021-12-26,192
2021-12-27,214
2021-12-28,236
2021-12-29,220
2021-12-30,192
2021-12-31,213
2022-01-01,208
2022-01-02,203
2022-01-03,245
2022-01-04,202
2022-01-05,184
2022-01-06,192
2022-01-07,212
2022-01-08,213
2022-01-09,195
2022-01-10,226
2022-01-11,191
2022-01-12,183
2022-01-13,170
2022-01-14,154
2022-01-15,178
2022-01-16,191
2022-01-17,206
2022-01-18,177
2022-01-19,190
2022-01-20,187
2022-01-21,191
2022-01-22,198
2022-01-23,214
2022-01-24,236
2022-01-25,202
2022-01-26,210
2022-01-27,189
2022-01-28,180
2022-01-29,212
2022-01-30,215
2022-01-31,205
2022-02-01,158
2022-02-02,182
2022-02-03,179
2022-02-04,182
2022-02-05,169
2022-02-06,183
2022-02-07,150
2022-02-08,182
2022-02-09,187
2022-02-10,177
2022-02-11,176
2022-02-12,197
2022-02-13,190
2022-02-14,185
2022-02-15,174
2022-02-16,186
2022-02-17,173
2022-02-18,179
2022-02-19,171
2022-02-20,181
2022-02-21,210
2022-02-22,206
2022-02-23,202
2022-02-24,180
2022-02-25,177
2022-02-26,179
2022-02-27,179
2022-02-28,188
2022-03-01,178
2022-03-02,157
2022-03-03,186
2022-03-04,179
2022-03-05,214
2022-03-06,206
2022-03-07,201
2022-03-08,213
2022-03-09,193
2022-03-10,193
2022-03-11,192
2022-03-12,219
2022-03-13,218
2022-03-14,167
2022-03-15,172
2022-03-16,210
2022-03-17,185
2022-03-18,190
2022-03-19,207
2022-03-20,198
2022-03-21,189
2022-03-22,151
2022-03-23,168
2022-03-24,163
2022-03-25,189
2022-03-26,175
2022-03-27,187
2022-03-28,204
2022-03-29,154
2022-03-30,168
2022-03-31,163
2022-04-01,153
2022-04-02,156
2022-04-03,142
2022-04-04,163
2022-04-05,170
2022-04-06,150
2022-04-07,156
2022-04-08,172
2022-04-09,167
2022-04-10,164
2022-04-11,163
2022-04-12,163
2022-04-13,154
2022-04-14,147
2022-04-15,186
2022-04-16,180
2022-04-17,155
2022-04-18,166
2022-04-19,151
2022-04-20,150
2022-04-21,155
2022-04-22,155
2022-04-23,155
2022-04-24,138
2022-04-25,142
2022-04-26,150
2022-04-27,124
2022-04-28,137
2022-04-29,163
2022-04-30,152
2022-05-01,145
2022-05-02,162
2022-05-03,148
2022-05-04,138
2022-05-05,132
2022-05-06,148
2022-05-07,136
2022-05-08,122
2022-05-09,149
2022-05-10,139
2022-05-11,141
2022-05-12,164
2022-05-13,134
2022-05-14,160
2022-05-15,154
2022-05-16,164
2022-05-17,150
2022-05-18,138
2022-05-19,156
2022-05-20,164
2022-05-21,138
2022-05-22,133
2022-05-23,178
2022-05-24,138
2022-05-25,129
2022-05-26,150
2022-05-27,164
2022-05-28,133
2022-05-29,122
2022-05-30,179
2022-05-31,150
2022-06-01,131
2022-06-02,149
2022-06-03,168
2022-06-04,161
2022-06-05,139
2022-06-06,153
2022-06-07,150
2022-06-08,152
2022-06-09,166
2022-06-10,169
2022-06-11,146
2022-06-12,150
2022-06-13,171
2022-06-14,157
2022-06-15,155
2022-06-16,166
2022-06-17,159
2022-06-18,165
2022-06-19,154
2022-06-20,175
2022-06-21,147
2022-06-22,168
2022-06-23,172
2022-06-24,187
2022-06-25,176
2022-06-26,146
2022-06-27,192
2022-06-28,148
2022-06-29,183
2022-06-30,190
2022-07-01,181
2022-07-02,164
2022-07-03,165
2022-07-04,212
2022-07-05,195
2022-07-06,195
2022-07-07,165
2022-07-08,192
2022-07-09,189
2022-07-10,144
2022-07-11,227
2022-07-12,156
2022-07-13,169
2022-07-14,171
2022-07-15,179
2022-07-16,157
2022-07-17,156
2022-07-18,207
2022-07-19,185
2022-07-20,205
2022-07-21,176
2022-07-22,193
2022-07-23,158
2022-07-24,131
2022-07-25,188
2022-07-26,187
2022-07-27,182
2022-07-28,185
2022-07-29,163
2022-07-30,163
2022-07-31,159
2022-08-01,167
2022-08-02,162
2022-08-03,163
2022-08-04,153
2022-08-05,143
2022-08-06,168
2022-08-07,151
2022-08-08,170
2022-08-09,139
2022-08-10,160
2022-08-11,150
2022-08-12,165
2022-08-13,156
2022-08-14,147
2022-08-15,179
2022-08-16,167
2022-08-17,156
2022-08-18,148
2022-08-19,142
2022-08-20,156
2022-08-21,139
2022-08-22,187
2022-08-23,120
2022-08-24,169
2022-08-25,146
2022-08-26,158
2022-08-27,175
2022-08-28,140
2022-08-29,187
2022-08-30,157
2022-08-31,151
2022-09-01,141
2022-09-02,141
2022-09-03,155
2022-09-04,134
2022-09-05,174
2022-09-06,143
2022-09-07,142
2022-09-08,134
2022-09-09,152
2022-09-10,141
2022-09-11,119
2022-09-12,163
2022-09-13,133
2022-09-14,141
2022-09-15,139
2022-09-16,145
2022-09-17,125
2022-09-18,120
2022-09-19,150
2022-09-20,150
2022-09-21,157
2022-09-22,146
2022-09-23,179
2022-09-24,160
2022-09-25,124
2022-09-26,165
2022-09-27,134
2022-09-28,149
2022-09-29,145
2022-09-30,146
2022-10-01,168
2022-10-02,118
2022-10-03,167
2022-10-04,169
2022-10-05,154
2022-10-06,144
2022-10-07,136
2022-10-08,174
2022-10-09,147
2022-10-10,168
2022-10-11,145
2022-10-12,146
2022-10-13,148
2022-10-14,160
2022-10-15,146
2022-10-16,122
2022-10-17,164
2022-10-18,170
2022-10-19,158
2022-10-20,147
2022-10-21,154
2022-10-22,147
2022-10-23,127
2022-10-24,152
2022-10-25,150
2022-10-26,153
2022-10-27,150
2022-10-28,153
2022-10-29,136
2022-10-30,151
2022-10-31,153
2022-11-01,161
2022-11-02,139
2022-11-03,148
2022-11-04,142
2022-11-05,139
2022-11-06,127
2022-11-07,158
2022-11-08,147
2022-11-09,151
2022-11-10,152
2022-11-11,153
2022-11-12,144
2022-11-13,126
2022-11-14,181
2022-11-15,156
2022-11-16,154
2022-11-17,160
2022-11-18,136
2022-11-19,141
2022-11-20,111
2022-11-21,156
2022-11-22,153
2022-11-23,132
2022-11-24,151
2022-11-25,150
2022-11-26,152
2022-11-27,129
2022-11-28,154
2022-11-29,122
2022-11-30,145
2022-12-01,133
2022-12-02,148
2022-12-03,119
2022-12-04,126
2022-12-05,146
2022-12-06,130
2022-12-07,137
2022-12-08,141
2022-12-09,147
2022-12-10,134
2022-12-11,141
2022-12-12,146
2022-12-13,137
2022-12-14,134
2022-12-15,175
2022-12-16,150
2022-12-17,148
2022-12-18,121
2022-12-19,160
2022-12-20,155
2022-12-21,151
2022-12-22,172
2022-12-23,157
2022-12-24,123
2022-12-25,157
2022-12-26,140
2022-12-27,155
2022-12-28,156
2022-12-29,155
2022-12-30,152
2022-12-31,114
2023-01-01,168
2023-01-02,161
2023-01-03,158
2023-01-04,150
2023-01-05,139
2023-01-06,127
2023-01-07,149
2023-01-08,133
2023-01-09,128
2023-01-10,125
2023-01-11,113
2023-01-12,116
2023-01-13,144
2023-01-14,109
2023-01-15,114
2023-01-16,114
2023-01-17,116
2023-01-18,116
2023-01-19,137
2023-01-20,128
2023-01-21,123
2023-01-22,131
2023-01-23,137
2023-01-24,127
2023-01-25,113
2023-01-26,98
2023-01-27,129
2023-01-28,125
2023-01-29,122
2023-01-30,121
2023-01-31,118
2023-02-01,140
2023-02-02,112
2023-02-03,121
2023-02-04,124
2023-02-05,132
2023-02-06,136
2023-02-07,130
2023-02-08,100
2023-02-09,144
2023-02-10,124
2023-02-11,127
2023-02-12,132
2023-02-13,158
2023-02-14,123
2023-02-15,143
2023-02-16,154
2023-02-17,125
2023-02-18,130
2023-02-19,113
2023-02-20,147
2023-02-21,124
2023-02-22,115
2023-02-23,128
2023-02-24,141
2023-02-25,163
2023-02-26,149
2023-02-27,130
2023-02-28,128
2023-03-01,106
2023-03-02,153
2023-03-03,120
2023-03-04,136
2023-03-05,149
2023-03-06,149
2023-03-07,122
2023-03-08,140
2023-03-09,146
2023-03-10,128
2023-03-11,130
2023-03-12,141
2023-03-13,140
2023-03-14,137
2023-03-15,143
2023-03-16,127
2023-03-17,135
2023-03-18,136
2023-03-19,124
2023-03-20,122
2023-03-21,133
2023-03-22,108
2023-03-23,121
2023-03-24,117
2023-03-25,124
2023-03-26,114
2023-03-27,144
2023-03-28,121
2023-03-29,118
2023-03-30,128
2023-03-31,128
2023-04-01,138
2023-04-02,135
2023-04-03,146
2023-04-04,120
2023-04-05,140
2023-04-06,149
2023-04-07,130
2023-04-08,180
2023-04-09,127
2023-04-10,143
2023-04-11,152
2023-04-12,145
2023-04-13,128
2023-04-14,143
2023-04-15,157
2023-04-16,130
2023-04-17,137
2023-04-18,127
2023-04-19,146
2023-04-20,134
2023-04-21,120
2023-04-22,124
2023-04-23,138
2023-04-24,140
2023-04-25,115
2023-04-26,109
2023-04-27,110
2023-04-28,107
2023-04-29,120
2023-04-30,111
2023-05-01,123
2023-05-02,111
2023-05-03,122
2023-05-04,123
2023-05-05,136
2023-05-06,123
2023-05-07,105
2023-05-08,130
2023-05-09,120
2023-05-10,125
2023-05-11,106
2023-05-12,134
2023-05-13,127
2023-05-14,113
2023-05-15,145
2023-05-16,138
2023-05-17,119
2023-05-18,103
2023-05-19,135
2023-05-20,117
2023-05-21,115
2023-05-22,146
2023-05-23,113
2023-05-24,111
2023-05-25,101
2023-05-26,141
2023-05-27,138
2023-05-28,131
2023-05-29,114
2023-05-30,136
2023-05-31,111
2023-06-01,114
2023-06-02,124
2023-06-03,134
2023-06-04,122
2023-06-05,113
2023-06-06,117
2023-06-07,117
2023-06-08,122
2023-06-09,123
2023-06-10,136
2023-06-11,138
2023-06-12,131
2023-06-13,112
2023-06-14,99
2023-06-15,123
2023-06-16,126
2023-06-17,119
2023-06-18,117
2023-06-19,130
2023-06-20,111
2023-06-21,100
2023-06-22,119
2023-06-23,117
2023-06-24,118
2023-06-25,127
2023-06-26,121
2023-06-27,105
2023-06-28,100
2023-06-29,129
2023-06-30,128
