date_day,icd10_code_U07_1,icd10_code_U07_1_group_age_1,icd10_code_U07_1_group_age_2,icd10_code_U07_1_group_age_3,icd10_code_U07_1_group_age_4,icd10_code_U07_1_group_age_5
2020-01-01,NA,NA,NA,NA,NA,NA
2020-01-02,NA,NA,NA,NA,NA,NA
2020-01-03,NA,NA,NA,NA,NA,NA
2020-01-04,NA,NA,NA,NA,NA,NA
2020-01-05,NA,NA,NA,NA,NA,NA
2020-01-06,NA,NA,NA,NA,NA,NA
2020-01-07,NA,NA,NA,NA,NA,NA
2020-01-08,NA,NA,NA,NA,NA,NA
2020-01-09,NA,NA,NA,NA,NA,NA
2020-01-10,NA,NA,NA,NA,NA,NA
2020-01-11,NA,NA,NA,NA,NA,NA
2020-01-12,NA,NA,NA,NA,NA,NA
2020-01-13,NA,NA,NA,NA,NA,NA
2020-01-14,NA,NA,NA,NA,NA,NA
2020-01-15,NA,NA,NA,NA,NA,NA
2020-01-16,NA,NA,NA,NA,NA,NA
2020-01-17,NA,NA,NA,NA,NA,NA
2020-01-18,NA,NA,NA,NA,NA,NA
2020-01-19,NA,NA,NA,NA,NA,NA
2020-01-20,NA,NA,NA,NA,NA,NA
2020-01-21,NA,NA,NA,NA,NA,NA
2020-01-22,NA,NA,NA,NA,NA,NA
2020-01-23,NA,NA,NA,NA,NA,NA
2020-01-24,NA,NA,NA,NA,NA,NA
2020-01-25,NA,NA,NA,NA,NA,NA
2020-01-26,NA,NA,NA,NA,NA,NA
2020-01-27,NA,NA,NA,NA,NA,NA
2020-01-28,NA,NA,NA,NA,NA,NA
2020-01-29,NA,NA,NA,NA,NA,NA
2020-01-30,NA,NA,NA,NA,NA,NA
2020-01-31,NA,NA,NA,NA,NA,NA
2020-02-01,NA,NA,NA,NA,NA,NA
2020-02-02,NA,NA,NA,NA,NA,NA
2020-02-03,NA,NA,NA,NA,NA,NA
2020-02-04,NA,NA,NA,NA,NA,NA
2020-02-05,NA,NA,NA,NA,NA,NA
2020-02-06,NA,NA,NA,NA,NA,NA
2020-02-07,NA,NA,NA,NA,NA,NA
2020-02-08,NA,NA,NA,NA,NA,NA
2020-02-09,NA,NA,NA,NA,NA,NA
2020-02-10,NA,NA,NA,NA,NA,NA
2020-02-11,NA,NA,NA,NA,NA,NA
2020-02-12,NA,NA,NA,NA,NA,NA
2020-02-13,NA,NA,NA,NA,NA,NA
2020-02-14,NA,NA,NA,NA,NA,NA
2020-02-15,NA,NA,NA,NA,NA,NA
2020-02-16,NA,NA,NA,NA,NA,NA
2020-02-17,NA,NA,NA,NA,NA,NA
2020-02-18,NA,NA,NA,NA,NA,NA
2020-02-19,NA,NA,NA,NA,NA,NA
2020-02-20,NA,NA,NA,NA,NA,NA
2020-02-21,NA,NA,NA,NA,NA,NA
2020-02-22,NA,NA,NA,NA,NA,NA
2020-02-23,NA,NA,NA,NA,NA,NA
2020-02-24,NA,NA,NA,NA,NA,NA
2020-02-25,NA,NA,NA,NA,NA,NA
2020-02-26,NA,NA,NA,NA,NA,NA
2020-02-27,NA,NA,NA,NA,NA,NA
2020-02-28,NA,NA,NA,NA,NA,NA
2020-02-29,NA,NA,NA,NA,NA,NA
2020-03-01,NA,NA,NA,NA,NA,NA
2020-03-02,NA,NA,NA,NA,NA,NA
2020-03-03,NA,NA,NA,NA,NA,NA
2020-03-04,NA,NA,NA,NA,NA,NA
2020-03-05,NA,NA,NA,NA,NA,NA
2020-03-06,NA,NA,NA,NA,NA,NA
2020-03-07,NA,NA,NA,NA,NA,NA
2020-03-08,NA,NA,NA,NA,NA,NA
2020-03-09,NA,NA,NA,NA,NA,NA
2020-03-10,NA,NA,NA,NA,NA,NA
2020-03-11,NA,NA,NA,NA,NA,NA
2020-03-12,NA,NA,NA,NA,NA,NA
2020-03-13,NA,NA,NA,NA,NA,NA
2020-03-14,NA,NA,NA,NA,NA,NA
2020-03-15,NA,NA,NA,NA,NA,NA
2020-03-16,8,NA,NA,NA,5,NA
2020-03-17,NA,NA,NA,NA,NA,NA
2020-03-18,NA,NA,NA,NA,NA,NA
2020-03-19,NA,NA,NA,NA,NA,NA
2020-03-20,NA,NA,NA,NA,NA,NA
2020-03-21,5,NA,NA,NA,NA,NA
2020-03-22,NA,NA,NA,NA,NA,NA
2020-03-23,8,NA,NA,NA,7,NA
2020-03-24,NA,NA,NA,NA,NA,NA
2020-03-25,NA,NA,NA,NA,NA,NA
2020-03-26,NA,NA,NA,NA,NA,NA
2020-03-27,NA,NA,NA,NA,NA,NA
2020-03-28,6,NA,NA,NA,NA,NA
2020-03-29,5,NA,NA,NA,NA,NA
2020-03-30,8,NA,NA,NA,5,NA
2020-03-31,NA,NA,NA,NA,NA,NA
2020-04-01,NA,NA,NA,NA,NA,NA
2020-04-02,NA,NA,NA,NA,NA,NA
2020-04-03,5,NA,NA,NA,NA,NA
2020-04-04,NA,NA,NA,NA,NA,NA
2020-04-05,6,NA,NA,NA,NA,NA
2020-04-06,NA,NA,NA,NA,NA,NA
2020-04-07,NA,NA,NA,NA,NA,NA
2020-04-08,NA,NA,NA,NA,NA,NA
2020-04-09,7,NA,NA,NA,NA,NA
2020-04-10,NA,NA,NA,NA,NA,NA
2020-04-11,NA,NA,NA,NA,NA,NA
2020-04-12,NA,NA,NA,NA,NA,NA
2020-04-13,6,NA,NA,NA,NA,NA
2020-04-14,NA,NA,NA,NA,NA,NA
2020-04-15,NA,NA,NA,NA,NA,NA
2020-04-16,5,NA,NA,NA,NA,NA
2020-04-17,NA,NA,NA,NA,NA,NA
2020-04-18,NA,NA,NA,NA,NA,NA
2020-04-19,NA,NA,NA,NA,NA,NA
2020-04-20,NA,NA,NA,NA,NA,NA
2020-04-21,NA,NA,NA,NA,NA,NA
2020-04-22,NA,NA,NA,NA,NA,NA
2020-04-23,NA,NA,NA,NA,NA,NA
2020-04-24,NA,NA,NA,NA,NA,NA
2020-04-25,NA,NA,NA,NA,NA,NA
2020-04-26,NA,NA,NA,NA,NA,NA
2020-04-27,NA,NA,NA,NA,NA,NA
2020-04-28,NA,NA,NA,NA,NA,NA
2020-04-29,NA,NA,NA,NA,NA,NA
2020-04-30,NA,NA,NA,NA,NA,NA
2020-05-01,NA,NA,NA,NA,NA,NA
2020-05-02,NA,NA,NA,NA,NA,NA
2020-05-03,NA,NA,NA,NA,NA,NA
2020-05-04,NA,NA,NA,NA,NA,NA
2020-05-05,NA,NA,NA,NA,NA,NA
2020-05-06,NA,NA,NA,NA,NA,NA
2020-05-07,NA,NA,NA,NA,NA,NA
2020-05-08,NA,NA,NA,NA,NA,NA
2020-05-09,NA,NA,NA,NA,NA,NA
2020-05-10,NA,NA,NA,NA,NA,NA
2020-05-11,NA,NA,NA,NA,NA,NA
2020-05-12,NA,NA,NA,NA,NA,NA
2020-05-13,NA,NA,NA,NA,NA,NA
2020-05-14,NA,NA,NA,NA,NA,NA
2020-05-15,NA,NA,NA,NA,NA,NA
2020-05-16,NA,NA,NA,NA,NA,NA
2020-05-17,NA,NA,NA,NA,NA,NA
2020-05-18,NA,NA,NA,NA,NA,NA
2020-05-19,NA,NA,NA,NA,NA,NA
2020-05-20,NA,NA,NA,NA,NA,NA
2020-05-21,NA,NA,NA,NA,NA,NA
2020-05-22,NA,NA,NA,NA,NA,NA
2020-05-23,NA,NA,NA,NA,NA,NA
2020-05-24,NA,NA,NA,NA,NA,NA
2020-05-25,NA,NA,NA,NA,NA,NA
2020-05-26,NA,NA,NA,NA,NA,NA
2020-05-27,NA,NA,NA,NA,NA,NA
2020-05-28,NA,NA,NA,NA,NA,NA
2020-05-29,NA,NA,NA,NA,NA,NA
2020-05-30,NA,NA,NA,NA,NA,NA
2020-05-31,NA,NA,NA,NA,NA,NA
2020-06-01,NA,NA,NA,NA,NA,NA
2020-06-02,NA,NA,NA,NA,NA,NA
2020-06-03,NA,NA,NA,NA,NA,NA
2020-06-04,NA,NA,NA,NA,NA,NA
2020-06-05,NA,NA,NA,NA,NA,NA
2020-06-06,NA,NA,NA,NA,NA,NA
2020-06-07,NA,NA,NA,NA,NA,NA
2020-06-08,NA,NA,NA,NA,NA,NA
2020-06-09,NA,NA,NA,NA,NA,NA
2020-06-10,NA,NA,NA,NA,NA,NA
2020-06-11,NA,NA,NA,NA,NA,NA
2020-06-12,NA,NA,NA,NA,NA,NA
2020-06-13,NA,NA,NA,NA,NA,NA
2020-06-14,NA,NA,NA,NA,NA,NA
2020-06-15,NA,NA,NA,NA,NA,NA
2020-06-16,NA,NA,NA,NA,NA,NA
2020-06-17,NA,NA,NA,NA,NA,NA
2020-06-18,NA,NA,NA,NA,NA,NA
2020-06-19,NA,NA,NA,NA,NA,NA
2020-06-20,NA,NA,NA,NA,NA,NA
2020-06-21,NA,NA,NA,NA,NA,NA
2020-06-22,NA,NA,NA,NA,NA,NA
2020-06-23,NA,NA,NA,NA,NA,NA
2020-06-24,NA,NA,NA,NA,NA,NA
2020-06-25,NA,NA,NA,NA,NA,NA
2020-06-26,NA,NA,NA,NA,NA,NA
2020-06-27,NA,NA,NA,NA,NA,NA
2020-06-28,NA,NA,NA,NA,NA,NA
2020-06-29,NA,NA,NA,NA,NA,NA
2020-06-30,NA,NA,NA,NA,NA,NA
2020-07-01,NA,NA,NA,NA,NA,NA
2020-07-02,NA,NA,NA,NA,NA,NA
2020-07-03,NA,NA,NA,NA,NA,NA
2020-07-04,NA,NA,NA,NA,NA,NA
2020-07-05,NA,NA,NA,NA,NA,NA
2020-07-06,NA,NA,NA,NA,NA,NA
2020-07-07,NA,NA,NA,NA,NA,NA
2020-07-08,NA,NA,NA,NA,NA,NA
2020-07-09,NA,NA,NA,NA,NA,NA
2020-07-10,NA,NA,NA,NA,NA,NA
2020-07-11,NA,NA,NA,NA,NA,NA
2020-07-12,NA,NA,NA,NA,NA,NA
2020-07-13,NA,NA,NA,NA,NA,NA
2020-07-14,NA,NA,NA,NA,NA,NA
2020-07-15,NA,NA,NA,NA,NA,NA
2020-07-16,NA,NA,NA,NA,NA,NA
2020-07-17,NA,NA,NA,NA,NA,NA
2020-07-18,NA,NA,NA,NA,NA,NA
2020-07-19,NA,NA,NA,NA,NA,NA
2020-07-20,NA,NA,NA,NA,NA,NA
2020-07-21,NA,NA,NA,NA,NA,NA
2020-07-22,NA,NA,NA,NA,NA,NA
2020-07-23,NA,NA,NA,NA,NA,NA
2020-07-24,NA,NA,NA,NA,NA,NA
2020-07-25,NA,NA,NA,NA,NA,NA
2020-07-26,NA,NA,NA,NA,NA,NA
2020-07-27,NA,NA,NA,NA,NA,NA
2020-07-28,NA,NA,NA,NA,NA,NA
2020-07-29,NA,NA,NA,NA,NA,NA
2020-07-30,NA,NA,NA,NA,NA,NA
2020-07-31,NA,NA,NA,NA,NA,NA
2020-08-01,NA,NA,NA,NA,NA,NA
2020-08-02,NA,NA,NA,NA,NA,NA
2020-08-03,NA,NA,NA,NA,NA,NA
2020-08-04,NA,NA,NA,NA,NA,NA
2020-08-05,NA,NA,NA,NA,NA,NA
2020-08-06,NA,NA,NA,NA,NA,NA
2020-08-07,NA,NA,NA,NA,NA,NA
2020-08-08,NA,NA,NA,NA,NA,NA
2020-08-09,NA,NA,NA,NA,NA,NA
2020-08-10,NA,NA,NA,NA,NA,NA
2020-08-11,NA,NA,NA,NA,NA,NA
2020-08-12,NA,NA,NA,NA,NA,NA
2020-08-13,NA,NA,NA,NA,NA,NA
2020-08-14,NA,NA,NA,NA,NA,NA
2020-08-15,NA,NA,NA,NA,NA,NA
2020-08-16,NA,NA,NA,NA,NA,NA
2020-08-17,NA,NA,NA,NA,NA,NA
2020-08-18,NA,NA,NA,NA,NA,NA
2020-08-19,NA,NA,NA,NA,NA,NA
2020-08-20,NA,NA,NA,NA,NA,NA
2020-08-21,NA,NA,NA,NA,NA,NA
2020-08-22,NA,NA,NA,NA,NA,NA
2020-08-23,NA,NA,NA,NA,NA,NA
2020-08-24,NA,NA,NA,NA,NA,NA
2020-08-25,NA,NA,NA,NA,NA,NA
2020-08-26,NA,NA,NA,NA,NA,NA
2020-08-27,NA,NA,NA,NA,NA,NA
2020-08-28,NA,NA,NA,NA,NA,NA
2020-08-29,NA,NA,NA,NA,NA,NA
2020-08-30,NA,NA,NA,NA,NA,NA
2020-08-31,NA,NA,NA,NA,NA,NA
2020-09-01,NA,NA,NA,NA,NA,NA
2020-09-02,NA,NA,NA,NA,NA,NA
2020-09-03,NA,NA,NA,NA,NA,NA
2020-09-04,NA,NA,NA,NA,NA,NA
2020-09-05,NA,NA,NA,NA,NA,NA
2020-09-06,NA,NA,NA,NA,NA,NA
2020-09-07,NA,NA,NA,NA,NA,NA
2020-09-08,NA,NA,NA,NA,NA,NA
2020-09-09,NA,NA,NA,NA,NA,NA
2020-09-10,NA,NA,NA,NA,NA,NA
2020-09-11,NA,NA,NA,NA,NA,NA
2020-09-12,NA,NA,NA,NA,NA,NA
2020-09-13,NA,NA,NA,NA,NA,NA
2020-09-14,NA,NA,NA,NA,NA,NA
2020-09-15,NA,NA,NA,NA,NA,NA
2020-09-16,NA,NA,NA,NA,NA,NA
2020-09-17,NA,NA,NA,NA,NA,NA
2020-09-18,NA,NA,NA,NA,NA,NA
2020-09-19,NA,NA,NA,NA,NA,NA
2020-09-20,NA,NA,NA,NA,NA,NA
2020-09-21,NA,NA,NA,NA,NA,NA
2020-09-22,NA,NA,NA,NA,NA,NA
2020-09-23,NA,NA,NA,NA,NA,NA
2020-09-24,NA,NA,NA,NA,NA,NA
2020-09-25,NA,NA,NA,NA,NA,NA
2020-09-26,NA,NA,NA,NA,NA,NA
2020-09-27,NA,NA,NA,NA,NA,NA
2020-09-28,NA,NA,NA,NA,NA,NA
2020-09-29,NA,NA,NA,NA,NA,NA
2020-09-30,NA,NA,NA,NA,NA,NA
2020-10-01,NA,NA,NA,NA,NA,NA
2020-10-02,NA,NA,NA,NA,NA,NA
2020-10-03,NA,NA,NA,NA,NA,NA
2020-10-04,NA,NA,NA,NA,NA,NA
2020-10-05,NA,NA,NA,NA,NA,NA
2020-10-06,5,NA,NA,NA,NA,NA
2020-10-07,NA,NA,NA,NA,NA,NA
2020-10-08,5,NA,NA,NA,NA,NA
2020-10-09,NA,NA,NA,NA,NA,NA
2020-10-10,NA,NA,NA,NA,NA,NA
2020-10-11,NA,NA,NA,NA,NA,NA
2020-10-12,NA,NA,NA,NA,NA,NA
2020-10-13,NA,NA,NA,NA,NA,NA
2020-10-14,8,NA,NA,NA,NA,NA
2020-10-15,NA,NA,NA,NA,NA,NA
2020-10-16,5,NA,NA,NA,NA,NA
2020-10-17,NA,NA,NA,NA,NA,NA
2020-10-18,NA,NA,NA,NA,NA,NA
2020-10-19,7,NA,NA,NA,NA,NA
2020-10-20,10,NA,NA,NA,NA,7
2020-10-21,11,NA,NA,NA,5,6
2020-10-22,8,NA,NA,NA,NA,7
2020-10-23,9,NA,NA,NA,NA,6
2020-10-24,12,NA,NA,NA,NA,8
2020-10-25,5,NA,NA,NA,NA,NA
2020-10-26,11,NA,NA,NA,NA,8
2020-10-27,7,NA,NA,NA,NA,5
2020-10-28,15,NA,NA,NA,NA,11
2020-10-29,13,NA,NA,NA,NA,9
2020-10-30,17,NA,NA,NA,6,11
2020-10-31,10,NA,NA,NA,NA,8
2020-11-01,7,NA,NA,NA,NA,5
2020-11-02,15,NA,NA,NA,7,8
2020-11-03,15,NA,NA,NA,NA,11
2020-11-04,13,NA,NA,NA,5,7
2020-11-05,17,NA,NA,NA,6,10
2020-11-06,31,NA,NA,NA,13,18
2020-11-07,8,NA,NA,NA,NA,6
2020-11-08,7,NA,NA,NA,NA,NA
2020-11-09,19,NA,NA,NA,NA,13
2020-11-10,9,NA,NA,NA,NA,7
2020-11-11,14,NA,NA,NA,5,8
2020-11-12,11,NA,NA,NA,NA,7
2020-11-13,12,NA,NA,NA,NA,9
2020-11-14,9,NA,NA,NA,NA,5
2020-11-15,9,NA,NA,NA,NA,7
2020-11-16,18,NA,NA,NA,8,10
2020-11-17,6,NA,NA,NA,NA,NA
2020-11-18,12,NA,NA,NA,NA,8
2020-11-19,17,NA,NA,NA,5,11
2020-11-20,6,NA,NA,NA,NA,NA
2020-11-21,5,NA,NA,NA,NA,NA
2020-11-22,9,NA,NA,NA,NA,6
2020-11-23,8,NA,NA,NA,NA,5
2020-11-24,17,NA,NA,NA,NA,12
2020-11-25,8,NA,NA,NA,NA,6
2020-11-26,12,NA,NA,NA,NA,9
2020-11-27,13,NA,NA,NA,NA,10
2020-11-28,6,NA,NA,NA,NA,NA
2020-11-29,13,NA,NA,NA,NA,8
2020-11-30,14,NA,NA,NA,NA,9
2020-12-01,9,NA,NA,NA,NA,5
2020-12-02,NA,NA,NA,NA,NA,NA
2020-12-03,10,NA,NA,NA,NA,6
2020-12-04,14,NA,NA,NA,NA,12
2020-12-05,7,NA,NA,NA,NA,NA
2020-12-06,7,NA,NA,NA,NA,NA
2020-12-07,12,NA,NA,NA,5,7
2020-12-08,10,NA,NA,NA,NA,7
2020-12-09,15,NA,NA,NA,6,9
2020-12-10,10,NA,NA,NA,NA,6
2020-12-11,15,NA,NA,NA,7,6
2020-12-12,5,NA,NA,NA,NA,NA
2020-12-13,10,NA,NA,NA,NA,5
2020-12-14,17,NA,NA,NA,NA,13
2020-12-15,8,NA,NA,NA,NA,6
2020-12-16,10,NA,NA,NA,NA,5
2020-12-17,15,NA,NA,NA,NA,9
2020-12-18,14,NA,NA,NA,NA,12
2020-12-19,9,NA,NA,NA,NA,NA
2020-12-20,8,NA,NA,NA,NA,5
2020-12-21,17,NA,NA,NA,5,9
2020-12-22,7,NA,NA,NA,NA,5
2020-12-23,5,NA,NA,NA,NA,NA
2020-12-24,NA,NA,NA,NA,NA,NA
2020-12-25,12,NA,NA,NA,NA,8
2020-12-26,NA,NA,NA,NA,NA,NA
2020-12-27,13,NA,NA,NA,5,8
2020-12-28,11,NA,NA,NA,NA,9
2020-12-29,6,NA,NA,NA,NA,NA
2020-12-30,9,NA,NA,NA,NA,8
2020-12-31,15,NA,NA,NA,NA,11
2021-01-01,7,NA,NA,NA,NA,NA
2021-01-02,12,NA,NA,NA,NA,8
2021-01-03,9,NA,NA,NA,NA,7
2021-01-04,13,NA,NA,NA,NA,9
2021-01-05,NA,NA,NA,NA,NA,NA
2021-01-06,19,NA,NA,NA,NA,14
2021-01-07,11,NA,NA,NA,NA,6
2021-01-08,10,NA,NA,NA,NA,7
2021-01-09,NA,NA,NA,NA,NA,NA
2021-01-10,5,NA,NA,NA,NA,5
2021-01-11,5,NA,NA,NA,NA,NA
2021-01-12,7,NA,NA,NA,NA,6
2021-01-13,14,NA,NA,NA,NA,11
2021-01-14,11,NA,NA,NA,NA,8
2021-01-15,NA,NA,NA,NA,NA,NA
2021-01-16,NA,NA,NA,NA,NA,NA
2021-01-17,7,NA,NA,NA,NA,NA
2021-01-18,7,NA,NA,NA,NA,6
2021-01-19,6,NA,NA,NA,NA,NA
2021-01-20,9,NA,NA,NA,NA,8
2021-01-21,8,NA,NA,NA,NA,7
2021-01-22,7,NA,NA,NA,5,NA
2021-01-23,5,NA,NA,NA,NA,NA
2021-01-24,5,NA,NA,NA,NA,NA
2021-01-25,7,NA,NA,NA,NA,5
2021-01-26,NA,NA,NA,NA,NA,NA
2021-01-27,9,NA,NA,NA,6,NA
2021-01-28,NA,NA,NA,NA,NA,NA
2021-01-29,5,NA,NA,NA,NA,NA
2021-01-30,NA,NA,NA,NA,NA,NA
2021-01-31,5,NA,NA,NA,NA,NA
2021-02-01,NA,NA,NA,NA,NA,NA
2021-02-02,NA,NA,NA,NA,NA,NA
2021-02-03,5,NA,NA,NA,NA,NA
2021-02-04,NA,NA,NA,NA,NA,NA
2021-02-05,6,NA,NA,NA,NA,NA
2021-02-06,NA,NA,NA,NA,NA,NA
2021-02-07,NA,NA,NA,NA,NA,NA
2021-02-08,NA,NA,NA,NA,NA,NA
2021-02-09,9,NA,NA,NA,NA,5
2021-02-10,5,NA,NA,NA,NA,NA
2021-02-11,NA,NA,NA,NA,NA,NA
2021-02-12,NA,NA,NA,NA,NA,NA
2021-02-13,NA,NA,NA,NA,NA,NA
2021-02-14,NA,NA,NA,NA,NA,NA
2021-02-15,5,NA,NA,NA,NA,NA
2021-02-16,5,NA,NA,NA,NA,NA
2021-02-17,NA,NA,NA,NA,NA,NA
2021-02-18,NA,NA,NA,NA,NA,NA
2021-02-19,NA,NA,NA,NA,NA,NA
2021-02-20,NA,NA,NA,NA,NA,NA
2021-02-21,NA,NA,NA,NA,NA,NA
2021-02-22,6,NA,NA,NA,NA,NA
2021-02-23,NA,NA,NA,NA,NA,NA
2021-02-24,NA,NA,NA,NA,NA,NA
2021-02-25,7,NA,NA,NA,NA,NA
2021-02-26,NA,NA,NA,NA,NA,NA
2021-02-27,NA,NA,NA,NA,NA,NA
2021-02-28,NA,NA,NA,NA,NA,NA
2021-03-01,NA,NA,NA,NA,NA,NA
2021-03-02,NA,NA,NA,NA,NA,NA
2021-03-03,5,NA,NA,NA,NA,NA
2021-03-04,NA,NA,NA,NA,NA,NA
2021-03-05,NA,NA,NA,NA,NA,NA
2021-03-06,NA,NA,NA,NA,NA,NA
2021-03-07,NA,NA,NA,NA,NA,NA
2021-03-08,NA,NA,NA,NA,NA,NA
2021-03-09,NA,NA,NA,NA,NA,NA
2021-03-10,NA,NA,NA,NA,NA,NA
2021-03-11,NA,NA,NA,NA,NA,NA
2021-03-12,NA,NA,NA,NA,NA,NA
2021-03-13,NA,NA,NA,NA,NA,NA
2021-03-14,NA,NA,NA,NA,NA,NA
2021-03-15,5,NA,NA,NA,NA,NA
2021-03-16,5,NA,NA,NA,NA,NA
2021-03-17,NA,NA,NA,NA,NA,NA
2021-03-18,NA,NA,NA,NA,NA,NA
2021-03-19,NA,NA,NA,NA,NA,NA
2021-03-20,NA,NA,NA,NA,NA,NA
2021-03-21,NA,NA,NA,NA,NA,NA
2021-03-22,NA,NA,NA,NA,NA,NA
2021-03-23,NA,NA,NA,NA,NA,NA
2021-03-24,NA,NA,NA,NA,NA,NA
2021-03-25,NA,NA,NA,NA,NA,NA
2021-03-26,NA,NA,NA,NA,NA,NA
2021-03-27,NA,NA,NA,NA,NA,NA
2021-03-28,NA,NA,NA,NA,NA,NA
2021-03-29,NA,NA,NA,NA,NA,NA
2021-03-30,11,NA,NA,NA,7,NA
2021-03-31,6,NA,NA,NA,NA,5
2021-04-01,NA,NA,NA,NA,NA,NA
2021-04-02,NA,NA,NA,NA,NA,NA
2021-04-03,7,NA,NA,NA,NA,5
2021-04-04,5,NA,NA,NA,NA,NA
2021-04-05,NA,NA,NA,NA,NA,NA
2021-04-06,NA,NA,NA,NA,NA,NA
2021-04-07,NA,NA,NA,NA,NA,NA
2021-04-08,8,NA,NA,NA,NA,NA
2021-04-09,NA,NA,NA,NA,NA,NA
2021-04-10,NA,NA,NA,NA,NA,NA
2021-04-11,7,NA,NA,NA,NA,NA
2021-04-12,7,NA,NA,NA,NA,NA
2021-04-13,5,NA,NA,NA,NA,NA
2021-04-14,NA,NA,NA,NA,NA,NA
2021-04-15,5,NA,NA,NA,NA,NA
2021-04-16,NA,NA,NA,NA,NA,NA
2021-04-17,NA,NA,NA,NA,NA,NA
2021-04-18,5,NA,NA,NA,NA,NA
2021-04-19,NA,NA,NA,NA,NA,NA
2021-04-20,5,NA,NA,NA,NA,NA
2021-04-21,7,NA,NA,NA,NA,NA
2021-04-22,10,NA,NA,NA,5,NA
2021-04-23,6,NA,NA,NA,5,NA
2021-04-24,NA,NA,NA,NA,NA,NA
2021-04-25,NA,NA,NA,NA,NA,NA
2021-04-26,6,NA,NA,NA,NA,NA
2021-04-27,NA,NA,NA,NA,NA,NA
2021-04-28,5,NA,NA,NA,5,NA
2021-04-29,NA,NA,NA,NA,NA,NA
2021-04-30,6,NA,NA,NA,NA,NA
2021-05-01,8,NA,NA,NA,5,NA
2021-05-02,7,NA,NA,NA,NA,NA
2021-05-03,NA,NA,NA,NA,NA,NA
2021-05-04,5,NA,NA,NA,NA,NA
2021-05-05,NA,NA,NA,NA,NA,NA
2021-05-06,NA,NA,NA,NA,NA,NA
2021-05-07,NA,NA,NA,NA,NA,NA
2021-05-08,NA,NA,NA,NA,NA,NA
2021-05-09,NA,NA,NA,NA,NA,NA
2021-05-10,NA,NA,NA,NA,NA,NA
2021-05-11,NA,NA,NA,NA,NA,NA
2021-05-12,NA,NA,NA,NA,NA,NA
2021-05-13,NA,NA,NA,NA,NA,NA
2021-05-14,NA,NA,NA,NA,NA,NA
2021-05-15,NA,NA,NA,NA,NA,NA
2021-05-16,NA,NA,NA,NA,NA,NA
2021-05-17,6,NA,NA,NA,NA,NA
2021-05-18,NA,NA,NA,NA,NA,NA
2021-05-19,NA,NA,NA,NA,NA,NA
2021-05-20,NA,NA,NA,NA,NA,NA
2021-05-21,NA,NA,NA,NA,NA,NA
2021-05-22,NA,NA,NA,NA,NA,NA
2021-05-23,NA,NA,NA,NA,NA,NA
2021-05-24,NA,NA,NA,NA,NA,NA
2021-05-25,NA,NA,NA,NA,NA,NA
2021-05-26,NA,NA,NA,NA,NA,NA
2021-05-27,NA,NA,NA,NA,NA,NA
2021-05-28,NA,NA,NA,NA,NA,NA
2021-05-29,NA,NA,NA,NA,NA,NA
2021-05-30,NA,NA,NA,NA,NA,NA
2021-05-31,NA,NA,NA,NA,NA,NA
2021-06-01,NA,NA,NA,NA,NA,NA
2021-06-02,NA,NA,NA,NA,NA,NA
2021-06-03,NA,NA,NA,NA,NA,NA
2021-06-04,NA,NA,NA,NA,NA,NA
2021-06-05,NA,NA,NA,NA,NA,NA
2021-06-06,NA,NA,NA,NA,NA,NA
2021-06-07,NA,NA,NA,NA,NA,NA
2021-06-08,NA,NA,NA,NA,NA,NA
2021-06-09,NA,NA,NA,NA,NA,NA
2021-06-10,NA,NA,NA,NA,NA,NA
2021-06-11,NA,NA,NA,NA,NA,NA
2021-06-12,NA,NA,NA,NA,NA,NA
2021-06-13,NA,NA,NA,NA,NA,NA
2021-06-14,NA,NA,NA,NA,NA,NA
2021-06-15,NA,NA,NA,NA,NA,NA
2021-06-16,NA,NA,NA,NA,NA,NA
2021-06-17,NA,NA,NA,NA,NA,NA
2021-06-18,NA,NA,NA,NA,NA,NA
2021-06-19,NA,NA,NA,NA,NA,NA
2021-06-20,NA,NA,NA,NA,NA,NA
2021-06-21,NA,NA,NA,NA,NA,NA
2021-06-22,NA,NA,NA,NA,NA,NA
2021-06-23,NA,NA,NA,NA,NA,NA
2021-06-24,NA,NA,NA,NA,NA,NA
2021-06-25,NA,NA,NA,NA,NA,NA
2021-06-26,NA,NA,NA,NA,NA,NA
2021-06-27,NA,NA,NA,NA,NA,NA
2021-06-28,NA,NA,NA,NA,NA,NA
2021-06-29,NA,NA,NA,NA,NA,NA
2021-06-30,NA,NA,NA,NA,NA,NA
2021-07-01,NA,NA,NA,NA,NA,NA
2021-07-02,NA,NA,NA,NA,NA,NA
2021-07-03,NA,NA,NA,NA,NA,NA
2021-07-04,NA,NA,NA,NA,NA,NA
2021-07-05,NA,NA,NA,NA,NA,NA
2021-07-06,NA,NA,NA,NA,NA,NA
2021-07-07,NA,NA,NA,NA,NA,NA
2021-07-08,NA,NA,NA,NA,NA,NA
2021-07-09,NA,NA,NA,NA,NA,NA
2021-07-10,NA,NA,NA,NA,NA,NA
2021-07-11,NA,NA,NA,NA,NA,NA
2021-07-12,NA,NA,NA,NA,NA,NA
2021-07-13,NA,NA,NA,NA,NA,NA
2021-07-14,NA,NA,NA,NA,NA,NA
2021-07-15,NA,NA,NA,NA,NA,NA
2021-07-16,NA,NA,NA,NA,NA,NA
2021-07-17,NA,NA,NA,NA,NA,NA
2021-07-18,NA,NA,NA,NA,NA,NA
2021-07-19,NA,NA,NA,NA,NA,NA
2021-07-20,NA,NA,NA,NA,NA,NA
2021-07-21,NA,NA,NA,NA,NA,NA
2021-07-22,NA,NA,NA,NA,NA,NA
2021-07-23,NA,NA,NA,NA,NA,NA
2021-07-24,NA,NA,NA,NA,NA,NA
2021-07-25,NA,NA,NA,NA,NA,NA
2021-07-26,NA,NA,NA,NA,NA,NA
2021-07-27,NA,NA,NA,NA,NA,NA
2021-07-28,NA,NA,NA,NA,NA,NA
2021-07-29,NA,NA,NA,NA,NA,NA
2021-07-30,NA,NA,NA,NA,NA,NA
2021-07-31,NA,NA,NA,NA,NA,NA
2021-08-01,NA,NA,NA,NA,NA,NA
2021-08-02,NA,NA,NA,NA,NA,NA
2021-08-03,NA,NA,NA,NA,NA,NA
2021-08-04,NA,NA,NA,NA,NA,NA
2021-08-05,NA,NA,NA,NA,NA,NA
2021-08-06,NA,NA,NA,NA,NA,NA
2021-08-07,NA,NA,NA,NA,NA,NA
2021-08-08,NA,NA,NA,NA,NA,NA
2021-08-09,NA,NA,NA,NA,NA,NA
2021-08-10,NA,NA,NA,NA,NA,NA
2021-08-11,NA,NA,NA,NA,NA,NA
2021-08-12,5,NA,NA,NA,5,NA
2021-08-13,6,NA,NA,NA,NA,NA
2021-08-14,5,NA,NA,NA,NA,NA
2021-08-15,6,NA,NA,NA,NA,NA
2021-08-16,5,NA,NA,NA,NA,NA
2021-08-17,10,NA,NA,NA,NA,NA
2021-08-18,NA,NA,NA,NA,NA,NA
2021-08-19,12,NA,NA,NA,8,NA
2021-08-20,NA,NA,NA,NA,NA,NA
2021-08-21,NA,NA,NA,NA,NA,NA
2021-08-22,7,NA,NA,NA,6,NA
2021-08-23,6,NA,NA,NA,NA,NA
2021-08-24,6,NA,NA,NA,5,NA
2021-08-25,NA,NA,NA,NA,NA,NA
2021-08-26,6,NA,NA,NA,NA,NA
2021-08-27,6,NA,NA,NA,6,NA
2021-08-28,NA,NA,NA,NA,NA,NA
2021-08-29,5,NA,NA,NA,NA,NA
2021-08-30,8,NA,NA,NA,NA,NA
2021-08-31,5,NA,NA,NA,NA,NA
2021-09-01,NA,NA,NA,NA,NA,NA
2021-09-02,6,NA,NA,NA,NA,NA
2021-09-03,NA,NA,NA,NA,NA,NA
2021-09-04,8,NA,NA,NA,6,NA
2021-09-05,NA,NA,NA,NA,NA,NA
2021-09-06,8,NA,NA,NA,NA,NA
2021-09-07,7,NA,NA,NA,5,NA
2021-09-08,6,NA,NA,NA,NA,NA
2021-09-09,NA,NA,NA,NA,NA,NA
2021-09-10,NA,NA,NA,NA,NA,NA
2021-09-11,NA,NA,NA,NA,NA,NA
2021-09-12,NA,NA,NA,NA,NA,NA
2021-09-13,5,NA,NA,NA,NA,NA
2021-09-14,5,NA,NA,NA,NA,NA
2021-09-15,NA,NA,NA,NA,NA,NA
2021-09-16,NA,NA,NA,NA,NA,NA
2021-09-17,6,NA,NA,NA,NA,NA
2021-09-18,NA,NA,NA,NA,NA,NA
2021-09-19,NA,NA,NA,NA,NA,NA
2021-09-20,NA,NA,NA,NA,NA,NA
2021-09-21,6,NA,NA,NA,NA,NA
2021-09-22,5,NA,NA,NA,NA,NA
2021-09-23,NA,NA,NA,NA,NA,NA
2021-09-24,NA,NA,NA,NA,NA,NA
2021-09-25,NA,NA,NA,NA,NA,NA
2021-09-26,NA,NA,NA,NA,NA,NA
2021-09-27,NA,NA,NA,NA,NA,NA
2021-09-28,NA,NA,NA,NA,NA,NA
2021-09-29,NA,NA,NA,NA,NA,NA
2021-09-30,5,NA,NA,NA,NA,NA
2021-10-01,NA,NA,NA,NA,NA,NA
2021-10-02,NA,NA,NA,NA,NA,NA
2021-10-03,NA,NA,NA,NA,NA,NA
2021-10-04,NA,NA,NA,NA,NA,NA
2021-10-05,NA,NA,NA,NA,NA,NA
2021-10-06,5,NA,NA,NA,NA,NA
2021-10-07,NA,NA,NA,NA,NA,NA
2021-10-08,NA,NA,NA,NA,NA,NA
2021-10-09,NA,NA,NA,NA,NA,NA
2021-10-10,NA,NA,NA,NA,NA,NA
2021-10-11,NA,NA,NA,NA,NA,NA
2021-10-12,NA,NA,NA,NA,NA,NA
2021-10-13,NA,NA,NA,NA,NA,NA
2021-10-14,NA,NA,NA,NA,NA,NA
2021-10-15,NA,NA,NA,NA,NA,NA
2021-10-16,NA,NA,NA,NA,NA,NA
2021-10-17,NA,NA,NA,NA,NA,NA
2021-10-18,NA,NA,NA,NA,NA,NA
2021-10-19,NA,NA,NA,NA,NA,NA
2021-10-20,NA,NA,NA,NA,NA,NA
2021-10-21,NA,NA,NA,NA,NA,NA
2021-10-22,NA,NA,NA,NA,NA,NA
2021-10-23,NA,NA,NA,NA,NA,NA
2021-10-24,NA,NA,NA,NA,NA,NA
2021-10-25,NA,NA,NA,NA,NA,NA
2021-10-26,NA,NA,NA,NA,NA,NA
2021-10-27,NA,NA,NA,NA,NA,NA
2021-10-28,NA,NA,NA,NA,NA,NA
2021-10-29,NA,NA,NA,NA,NA,NA
2021-10-30,NA,NA,NA,NA,NA,NA
2021-10-31,NA,NA,NA,NA,NA,NA
2021-11-01,NA,NA,NA,NA,NA,NA
2021-11-02,NA,NA,NA,NA,NA,NA
2021-11-03,NA,NA,NA,NA,NA,NA
2021-11-04,5,NA,NA,NA,NA,NA
2021-11-05,5,NA,NA,NA,NA,NA
2021-11-06,5,NA,NA,NA,NA,NA
2021-11-07,NA,NA,NA,NA,NA,NA
2021-11-08,NA,NA,NA,NA,NA,NA
2021-11-09,NA,NA,NA,NA,NA,NA
2021-11-10,5,NA,NA,NA,NA,NA
2021-11-11,NA,NA,NA,NA,NA,NA
2021-11-12,NA,NA,NA,NA,NA,NA
2021-11-13,NA,NA,NA,NA,NA,NA
2021-11-14,NA,NA,NA,NA,NA,NA
2021-11-15,5,NA,NA,NA,NA,NA
2021-11-16,6,NA,NA,NA,NA,NA
2021-11-17,6,NA,NA,NA,NA,NA
2021-11-18,7,NA,NA,NA,NA,6
2021-11-19,NA,NA,NA,NA,NA,NA
2021-11-20,NA,NA,NA,NA,NA,NA
2021-11-21,7,NA,NA,NA,NA,NA
2021-11-22,8,NA,NA,NA,NA,NA
2021-11-23,NA,NA,NA,NA,NA,NA
2021-11-24,6,NA,NA,NA,NA,NA
2021-11-25,7,NA,NA,NA,NA,NA
2021-11-26,7,NA,NA,NA,NA,NA
2021-11-27,NA,NA,NA,NA,NA,NA
2021-11-28,9,NA,NA,NA,NA,NA
2021-11-29,6,NA,NA,NA,NA,NA
2021-11-30,11,NA,NA,NA,7,NA
2021-12-01,5,NA,NA,NA,NA,NA
2021-12-02,9,NA,NA,NA,NA,5
2021-12-03,9,NA,NA,NA,NA,6
2021-12-04,7,NA,NA,NA,NA,NA
2021-12-05,9,NA,NA,NA,5,NA
2021-12-06,15,NA,NA,NA,8,6
2021-12-07,13,NA,NA,NA,NA,9
2021-12-08,10,NA,NA,NA,NA,6
2021-12-09,13,NA,NA,NA,6,5
2021-12-10,11,NA,NA,NA,6,5
2021-12-11,8,NA,NA,NA,NA,7
2021-12-12,12,NA,NA,NA,5,5
2021-12-13,7,NA,NA,NA,NA,NA
2021-12-14,NA,NA,NA,NA,NA,NA
2021-12-15,9,NA,NA,NA,6,NA
2021-12-16,8,NA,NA,NA,NA,6
2021-12-17,6,NA,NA,NA,NA,NA
2021-12-18,7,NA,NA,NA,NA,NA
2021-12-19,12,NA,NA,NA,NA,5
2021-12-20,9,NA,NA,NA,NA,7
2021-12-21,13,NA,NA,NA,8,NA
2021-12-22,5,NA,NA,NA,NA,NA
2021-12-23,9,NA,NA,NA,NA,6
2021-12-24,NA,NA,NA,NA,NA,NA
2021-12-25,NA,NA,NA,NA,NA,NA
2021-12-26,6,NA,NA,NA,NA,NA
2021-12-27,5,NA,NA,NA,NA,NA
2021-12-28,7,NA,NA,NA,NA,NA
2021-12-29,10,NA,NA,NA,NA,8
2021-12-30,8,NA,NA,NA,NA,NA
2021-12-31,6,NA,NA,NA,NA,NA
2022-01-01,5,NA,NA,NA,NA,NA
2022-01-02,11,NA,NA,NA,NA,5
2022-01-03,8,NA,NA,NA,NA,6
2022-01-04,8,NA,NA,NA,NA,6
2022-01-05,13,NA,NA,NA,8,NA
2022-01-06,6,NA,NA,NA,NA,NA
2022-01-07,9,NA,NA,NA,NA,7
2022-01-08,NA,NA,NA,NA,NA,NA
2022-01-09,5,NA,NA,NA,NA,NA
2022-01-10,9,NA,NA,NA,6,NA
2022-01-11,10,NA,NA,NA,5,NA
2022-01-12,15,NA,NA,NA,9,NA
2022-01-13,9,NA,NA,NA,NA,NA
2022-01-14,10,NA,NA,NA,NA,NA
2022-01-15,7,NA,NA,NA,NA,NA
2022-01-16,7,NA,NA,NA,NA,NA
2022-01-17,13,NA,NA,NA,NA,6
2022-01-18,14,NA,NA,NA,6,5
2022-01-19,17,NA,NA,NA,8,5
2022-01-20,10,NA,NA,NA,NA,NA
2022-01-21,21,NA,NA,NA,7,8
2022-01-22,8,NA,NA,NA,NA,NA
2022-01-23,13,5,NA,NA,NA,NA
2022-01-24,12,NA,NA,NA,7,NA
2022-01-25,16,NA,NA,NA,6,7
2022-01-26,19,6,NA,NA,8,NA
2022-01-27,11,NA,NA,NA,NA,8
2022-01-28,13,NA,NA,NA,NA,5
2022-01-29,11,NA,NA,NA,NA,NA
2022-01-30,15,NA,NA,NA,7,6
2022-01-31,30,NA,NA,NA,11,12
2022-02-01,13,NA,NA,NA,5,NA
2022-02-02,15,NA,NA,NA,8,6
2022-02-03,24,5,NA,NA,7,11
2022-02-04,21,5,NA,NA,NA,11
2022-02-05,14,5,NA,NA,5,NA
2022-02-06,18,NA,NA,NA,NA,7
2022-02-07,23,NA,NA,NA,9,7
2022-02-08,18,NA,NA,NA,NA,14
2022-02-09,26,NA,NA,NA,7,11
2022-02-10,20,5,NA,NA,10,NA
2022-02-11,16,NA,NA,NA,7,8
2022-02-12,16,NA,NA,NA,5,7
2022-02-13,11,NA,NA,NA,NA,NA
2022-02-14,18,NA,NA,NA,6,10
2022-02-15,19,NA,NA,NA,9,8
2022-02-16,21,NA,NA,NA,7,8
2022-02-17,20,NA,NA,NA,6,10
2022-02-18,13,NA,NA,NA,6,5
2022-02-19,NA,NA,NA,NA,NA,NA
2022-02-20,14,NA,NA,NA,NA,NA
2022-02-21,24,NA,NA,NA,7,12
2022-02-22,22,NA,NA,NA,10,11
2022-02-23,18,NA,NA,NA,6,7
2022-02-24,14,NA,NA,NA,NA,8
2022-02-25,23,NA,NA,NA,7,12
2022-02-26,9,NA,NA,NA,NA,5
2022-02-27,13,NA,NA,NA,NA,NA
2022-02-28,21,NA,NA,NA,6,10
2022-03-01,18,NA,NA,NA,NA,12
2022-03-02,16,NA,NA,NA,5,5
2022-03-03,16,NA,NA,NA,NA,9
2022-03-04,14,NA,NA,NA,NA,9
2022-03-05,12,NA,NA,NA,NA,6
2022-03-06,11,NA,NA,NA,NA,6
2022-03-07,22,NA,NA,NA,NA,14
2022-03-08,23,NA,NA,NA,6,13
2022-03-09,15,NA,NA,NA,8,6
2022-03-10,18,NA,NA,NA,8,8
2022-03-11,18,NA,NA,NA,NA,6
2022-03-12,18,NA,NA,NA,NA,11
2022-03-13,16,NA,NA,NA,5,7
2022-03-14,19,NA,NA,NA,6,10
2022-03-15,25,6,NA,NA,NA,14
2022-03-16,23,NA,NA,NA,7,10
2022-03-17,29,NA,NA,NA,7,18
2022-03-18,20,NA,NA,NA,7,9
2022-03-19,19,NA,NA,NA,NA,7
2022-03-20,17,NA,NA,NA,NA,10
2022-03-21,22,NA,NA,NA,6,10
2022-03-22,20,NA,NA,NA,NA,12
2022-03-23,27,NA,NA,NA,13,12
2022-03-24,19,NA,NA,NA,NA,15
2022-03-25,14,NA,NA,NA,NA,11
2022-03-26,18,NA,NA,NA,7,8
2022-03-27,10,NA,NA,NA,NA,6
2022-03-28,20,NA,NA,NA,5,13
2022-03-29,17,NA,NA,NA,NA,10
2022-03-30,17,NA,NA,NA,6,9
2022-03-31,12,NA,NA,NA,NA,8
2022-04-01,16,NA,NA,NA,NA,10
2022-04-02,7,NA,NA,NA,NA,NA
2022-04-03,10,NA,NA,NA,NA,10
2022-04-04,10,NA,NA,NA,NA,7
2022-04-05,15,NA,NA,NA,NA,8
2022-04-06,10,NA,NA,NA,NA,7
2022-04-07,6,NA,NA,NA,NA,NA
2022-04-08,8,NA,NA,NA,NA,6
2022-04-09,6,NA,NA,NA,NA,5
2022-04-10,7,NA,NA,NA,NA,NA
2022-04-11,8,NA,NA,NA,NA,5
2022-04-12,11,NA,NA,NA,NA,6
2022-04-13,8,NA,NA,NA,NA,7
2022-04-14,5,NA,NA,NA,NA,5
2022-04-15,6,NA,NA,NA,NA,5
2022-04-16,NA,NA,NA,NA,NA,NA
2022-04-17,NA,NA,NA,NA,NA,NA
2022-04-18,5,NA,NA,NA,NA,NA
2022-04-19,5,NA,NA,NA,NA,NA
2022-04-20,7,NA,NA,NA,NA,5
2022-04-21,NA,NA,NA,NA,NA,NA
2022-04-22,NA,NA,NA,NA,NA,NA
2022-04-23,NA,NA,NA,NA,NA,NA
2022-04-24,NA,NA,NA,NA,NA,NA
2022-04-25,10,NA,NA,NA,NA,6
2022-04-26,NA,NA,NA,NA,NA,NA
2022-04-27,NA,NA,NA,NA,NA,NA
2022-04-28,NA,NA,NA,NA,NA,NA
2022-04-29,NA,NA,NA,NA,NA,NA
2022-04-30,NA,NA,NA,NA,NA,NA
2022-05-01,NA,NA,NA,NA,NA,NA
2022-05-02,7,NA,NA,NA,NA,NA
2022-05-03,5,NA,NA,NA,NA,NA
2022-05-04,NA,NA,NA,NA,NA,NA
2022-05-05,NA,NA,NA,NA,NA,NA
2022-05-06,5,NA,NA,NA,NA,NA
2022-05-07,NA,NA,NA,NA,NA,NA
2022-05-08,NA,NA,NA,NA,NA,NA
2022-05-09,5,NA,NA,NA,NA,NA
2022-05-10,NA,NA,NA,NA,NA,NA
2022-05-11,NA,NA,NA,NA,NA,NA
2022-05-12,NA,NA,NA,NA,NA,NA
2022-05-13,5,NA,NA,NA,NA,NA
2022-05-14,NA,NA,NA,NA,NA,NA
2022-05-15,NA,NA,NA,NA,NA,NA
2022-05-16,NA,NA,NA,NA,NA,NA
2022-05-17,NA,NA,NA,NA,NA,NA
2022-05-18,NA,NA,NA,NA,NA,NA
2022-05-19,7,NA,NA,NA,NA,5
2022-05-20,5,NA,NA,NA,NA,5
2022-05-21,NA,NA,NA,NA,NA,NA
2022-05-22,NA,NA,NA,NA,NA,NA
2022-05-23,NA,NA,NA,NA,NA,NA
2022-05-24,NA,NA,NA,NA,NA,NA
2022-05-25,NA,NA,NA,NA,NA,NA
2022-05-26,NA,NA,NA,NA,NA,NA
2022-05-27,NA,NA,NA,NA,NA,NA
2022-05-28,NA,NA,NA,NA,NA,NA
2022-05-29,NA,NA,NA,NA,NA,NA
2022-05-30,NA,NA,NA,NA,NA,NA
2022-05-31,6,NA,NA,NA,NA,NA
2022-06-01,NA,NA,NA,NA,NA,NA
2022-06-02,NA,NA,NA,NA,NA,NA
2022-06-03,NA,NA,NA,NA,NA,NA
2022-06-04,NA,NA,NA,NA,NA,NA
2022-06-05,NA,NA,NA,NA,NA,NA
2022-06-06,NA,NA,NA,NA,NA,NA
2022-06-07,NA,NA,NA,NA,NA,NA
2022-06-08,NA,NA,NA,NA,NA,NA
2022-06-09,6,NA,NA,NA,NA,NA
2022-06-10,NA,NA,NA,NA,NA,NA
2022-06-11,6,NA,NA,NA,NA,NA
2022-06-12,5,NA,NA,NA,NA,5
2022-06-13,6,NA,NA,NA,NA,NA
2022-06-14,NA,NA,NA,NA,NA,NA
2022-06-15,NA,NA,NA,NA,NA,NA
2022-06-16,6,NA,NA,NA,NA,NA
2022-06-17,7,NA,NA,NA,NA,5
2022-06-18,5,NA,NA,NA,NA,NA
2022-06-19,5,NA,NA,NA,NA,NA
2022-06-20,12,NA,NA,NA,NA,9
2022-06-21,NA,NA,NA,NA,NA,NA
2022-06-22,5,NA,NA,NA,NA,NA
2022-06-23,NA,NA,NA,NA,NA,NA
2022-06-24,6,NA,NA,NA,NA,6
2022-06-25,NA,NA,NA,NA,NA,NA
2022-06-26,NA,NA,NA,NA,NA,NA
2022-06-27,6,NA,NA,NA,NA,NA
2022-06-28,NA,NA,NA,NA,NA,NA
2022-06-29,11,NA,NA,NA,NA,7
2022-06-30,12,NA,NA,NA,NA,7
2022-07-01,14,NA,NA,NA,NA,11
2022-07-02,NA,NA,NA,NA,NA,NA
2022-07-03,NA,NA,NA,NA,NA,NA
2022-07-04,11,NA,NA,NA,NA,8
2022-07-05,12,NA,NA,NA,NA,9
2022-07-06,12,NA,NA,NA,NA,10
2022-07-07,5,NA,NA,NA,NA,5
2022-07-08,11,NA,NA,NA,NA,9
2022-07-09,12,NA,NA,NA,NA,11
2022-07-10,5,NA,NA,NA,NA,5
2022-07-11,7,NA,NA,NA,NA,NA
2022-07-12,15,NA,NA,NA,NA,11
2022-07-13,14,NA,NA,NA,NA,9
2022-07-14,9,NA,NA,NA,NA,8
2022-07-15,13,NA,NA,NA,NA,10
2022-07-16,8,NA,NA,NA,NA,5
2022-07-17,11,NA,NA,NA,NA,7
2022-07-18,19,NA,NA,NA,NA,13
2022-07-19,10,NA,NA,NA,NA,7
2022-07-20,7,NA,NA,NA,NA,NA
2022-07-21,15,NA,NA,NA,NA,14
2022-07-22,10,NA,NA,NA,NA,6
2022-07-23,14,NA,NA,NA,NA,9
2022-07-24,NA,NA,NA,NA,NA,NA
2022-07-25,12,NA,NA,NA,6,5
2022-07-26,10,NA,NA,NA,NA,8
2022-07-27,NA,NA,NA,NA,NA,NA
2022-07-28,9,NA,NA,NA,NA,6
2022-07-29,5,NA,NA,NA,NA,NA
2022-07-30,NA,NA,NA,NA,NA,NA
2022-07-31,6,NA,NA,NA,NA,NA
2022-08-01,5,NA,NA,NA,NA,NA
2022-08-02,6,NA,NA,NA,NA,NA
2022-08-03,6,NA,NA,NA,NA,5
2022-08-04,8,NA,NA,NA,NA,6
2022-08-05,6,NA,NA,NA,NA,5
2022-08-06,5,NA,NA,NA,NA,NA
2022-08-07,NA,NA,NA,NA,NA,NA
2022-08-08,8,NA,NA,NA,NA,7
2022-08-09,9,NA,NA,NA,NA,7
2022-08-10,NA,NA,NA,NA,NA,NA
2022-08-11,5,NA,NA,NA,NA,5
2022-08-12,NA,NA,NA,NA,NA,NA
2022-08-13,6,NA,NA,NA,NA,NA
2022-08-14,NA,NA,NA,NA,NA,NA
2022-08-15,10,NA,NA,NA,NA,6
2022-08-16,6,NA,NA,NA,NA,NA
2022-08-17,5,NA,NA,NA,NA,NA
2022-08-18,NA,NA,NA,NA,NA,NA
2022-08-19,8,NA,NA,NA,NA,NA
2022-08-20,6,NA,NA,NA,NA,NA
2022-08-21,NA,NA,NA,NA,NA,NA
2022-08-22,NA,NA,NA,NA,NA,NA
2022-08-23,9,NA,NA,NA,NA,5
2022-08-24,5,NA,NA,NA,NA,NA
2022-08-25,5,NA,NA,NA,NA,NA
2022-08-26,10,NA,NA,NA,NA,8
2022-08-27,NA,NA,NA,NA,NA,NA
2022-08-28,NA,NA,NA,NA,NA,NA
2022-08-29,8,NA,NA,NA,NA,5
2022-08-30,9,NA,NA,NA,5,NA
2022-08-31,NA,NA,NA,NA,NA,NA
2022-09-01,NA,NA,NA,NA,NA,NA
2022-09-02,NA,NA,NA,NA,NA,NA
2022-09-03,NA,NA,NA,NA,NA,NA
2022-09-04,NA,NA,NA,NA,NA,NA
2022-09-05,5,NA,NA,NA,NA,NA
2022-09-06,5,NA,NA,NA,NA,NA
2022-09-07,5,NA,NA,NA,NA,NA
2022-09-08,5,NA,NA,NA,NA,NA
2022-09-09,5,NA,NA,NA,NA,NA
2022-09-10,NA,NA,NA,NA,NA,NA
2022-09-11,NA,NA,NA,NA,NA,NA
2022-09-12,5,NA,NA,NA,NA,5
2022-09-13,NA,NA,NA,NA,NA,NA
2022-09-14,5,NA,NA,NA,NA,NA
2022-09-15,7,NA,NA,NA,NA,NA
2022-09-16,7,NA,NA,NA,NA,5
2022-09-17,NA,NA,NA,NA,NA,NA
2022-09-18,NA,NA,NA,NA,NA,NA
2022-09-19,NA,NA,NA,NA,NA,NA
2022-09-20,NA,NA,NA,NA,NA,NA
2022-09-21,8,NA,NA,NA,NA,7
2022-09-22,NA,NA,NA,NA,NA,NA
2022-09-23,8,NA,NA,NA,NA,6
2022-09-24,5,NA,NA,NA,NA,NA
2022-09-25,5,NA,NA,NA,NA,NA
2022-09-26,10,NA,NA,NA,NA,8
2022-09-27,10,NA,NA,NA,NA,8
2022-09-28,6,NA,NA,NA,NA,5
2022-09-29,9,NA,NA,NA,NA,7
2022-09-30,11,NA,NA,NA,NA,9
2022-10-01,5,NA,NA,NA,NA,NA
2022-10-02,8,NA,NA,NA,NA,8
2022-10-03,5,NA,NA,NA,NA,5
2022-10-04,6,NA,NA,NA,NA,5
2022-10-05,8,NA,NA,NA,NA,7
2022-10-06,10,NA,NA,NA,NA,8
2022-10-07,11,NA,NA,NA,NA,8
2022-10-08,8,NA,NA,NA,NA,6
2022-10-09,NA,NA,NA,NA,NA,NA
2022-10-10,8,NA,NA,NA,NA,8
2022-10-11,10,NA,NA,NA,NA,7
2022-10-12,7,NA,NA,NA,NA,5
2022-10-13,9,NA,NA,NA,NA,5
2022-10-14,5,NA,NA,NA,NA,NA
2022-10-15,7,NA,NA,NA,NA,6
2022-10-16,8,NA,NA,NA,NA,6
2022-10-17,10,NA,NA,NA,NA,7
2022-10-18,10,NA,NA,NA,NA,7
2022-10-19,10,NA,NA,NA,NA,5
2022-10-20,7,NA,NA,NA,NA,6
2022-10-21,9,NA,NA,NA,NA,7
2022-10-22,11,NA,NA,NA,5,5
2022-10-23,NA,NA,NA,NA,NA,NA
2022-10-24,9,NA,NA,NA,NA,7
2022-10-25,5,NA,NA,NA,NA,NA
2022-10-26,8,NA,NA,NA,NA,7
2022-10-27,9,NA,NA,NA,NA,7
2022-10-28,12,NA,NA,NA,NA,9
2022-10-29,5,NA,NA,NA,NA,NA
2022-10-30,NA,NA,NA,NA,NA,NA
2022-10-31,8,NA,NA,NA,5,NA
2022-11-01,NA,NA,NA,NA,NA,NA
2022-11-02,6,NA,NA,NA,NA,NA
2022-11-03,10,NA,NA,NA,NA,7
2022-11-04,10,NA,NA,NA,NA,8
2022-11-05,8,NA,NA,NA,NA,5
2022-11-06,11,NA,NA,NA,NA,10
2022-11-07,13,NA,NA,NA,NA,11
2022-11-08,7,NA,NA,NA,NA,5
2022-11-09,10,NA,NA,NA,NA,7
2022-11-10,7,NA,NA,NA,NA,5
2022-11-11,15,NA,NA,NA,NA,11
2022-11-12,10,NA,NA,NA,NA,6
2022-11-13,NA,NA,NA,NA,NA,NA
2022-11-14,13,NA,NA,NA,6,7
2022-11-15,13,NA,NA,NA,5,7
2022-11-16,12,NA,NA,NA,NA,10
2022-11-17,7,NA,NA,NA,NA,5
2022-11-18,9,NA,NA,NA,NA,7
2022-11-19,7,NA,NA,NA,NA,6
2022-11-20,NA,NA,NA,NA,NA,NA
2022-11-21,17,NA,NA,NA,NA,12
2022-11-22,11,NA,NA,NA,NA,10
2022-11-23,5,NA,NA,NA,NA,NA
2022-11-24,5,NA,NA,NA,NA,NA
2022-11-25,15,NA,NA,NA,5,9
2022-11-26,NA,NA,NA,NA,NA,NA
2022-11-27,5,NA,NA,NA,NA,5
2022-11-28,6,NA,NA,NA,NA,5
2022-11-29,10,NA,NA,NA,NA,6
2022-11-30,6,NA,NA,NA,NA,6
2022-12-01,9,NA,NA,NA,NA,7
2022-12-02,14,NA,NA,NA,NA,10
2022-12-03,6,NA,NA,NA,NA,NA
2022-12-04,NA,NA,NA,NA,NA,NA
2022-12-05,13,NA,NA,NA,5,7
2022-12-06,5,NA,NA,NA,NA,NA
2022-12-07,9,NA,NA,NA,NA,7
2022-12-08,NA,NA,NA,NA,NA,NA
2022-12-09,12,NA,NA,NA,NA,9
2022-12-10,NA,NA,NA,NA,NA,NA
2022-12-11,8,NA,NA,NA,NA,8
2022-12-12,9,NA,NA,NA,NA,5
2022-12-13,NA,NA,NA,NA,NA,NA
2022-12-14,7,NA,NA,NA,NA,5
2022-12-15,5,NA,NA,NA,NA,NA
2022-12-16,5,NA,NA,NA,NA,NA
2022-12-17,10,NA,NA,NA,NA,8
2022-12-18,NA,NA,NA,NA,NA,NA
2022-12-19,NA,NA,NA,NA,NA,NA
2022-12-20,5,NA,NA,NA,NA,NA
2022-12-21,6,NA,NA,NA,NA,NA
2022-12-22,5,NA,NA,NA,NA,NA
2022-12-23,NA,NA,NA,NA,NA,NA
2022-12-24,NA,NA,NA,NA,NA,NA
2022-12-25,NA,NA,NA,NA,NA,NA
2022-12-26,9,NA,NA,NA,NA,7
2022-12-27,6,NA,NA,NA,NA,NA
2022-12-28,NA,NA,NA,NA,NA,NA
2022-12-29,NA,NA,NA,NA,NA,NA
2022-12-30,6,NA,NA,NA,NA,NA
2022-12-31,NA,NA,NA,NA,NA,NA
2023-01-01,NA,NA,NA,NA,NA,NA
2023-01-02,9,NA,NA,NA,NA,NA
2023-01-03,6,NA,NA,NA,NA,5
2023-01-04,5,NA,NA,NA,NA,NA
2023-01-05,NA,NA,NA,NA,NA,NA
2023-01-06,NA,NA,NA,NA,NA,NA
2023-01-07,NA,NA,NA,NA,NA,NA
2023-01-08,5,NA,NA,NA,NA,NA
2023-01-09,NA,NA,NA,NA,NA,NA
2023-01-10,7,NA,NA,NA,NA,6
2023-01-11,NA,NA,NA,NA,NA,NA
2023-01-12,NA,NA,NA,NA,NA,NA
2023-01-13,NA,NA,NA,NA,NA,NA
2023-01-14,NA,NA,NA,NA,NA,NA
2023-01-15,NA,NA,NA,NA,NA,NA
2023-01-16,NA,NA,NA,NA,NA,NA
2023-01-17,NA,NA,NA,NA,NA,NA
2023-01-18,NA,NA,NA,NA,NA,NA
2023-01-19,NA,NA,NA,NA,NA,NA
2023-01-20,NA,NA,NA,NA,NA,NA
2023-01-21,NA,NA,NA,NA,NA,NA
2023-01-22,NA,NA,NA,NA,NA,NA
2023-01-23,NA,NA,NA,NA,NA,NA
2023-01-24,NA,NA,NA,NA,NA,NA
2023-01-25,NA,NA,NA,NA,NA,NA
2023-01-26,NA,NA,NA,NA,NA,NA
2023-01-27,6,NA,NA,NA,NA,NA
2023-01-28,NA,NA,NA,NA,NA,NA
2023-01-29,NA,NA,NA,NA,NA,NA
2023-01-30,5,NA,NA,NA,NA,NA
2023-01-31,NA,NA,NA,NA,NA,NA
2023-02-01,NA,NA,NA,NA,NA,NA
2023-02-02,NA,NA,NA,NA,NA,NA
2023-02-03,NA,NA,NA,NA,NA,NA
2023-02-04,NA,NA,NA,NA,NA,NA
2023-02-05,NA,NA,NA,NA,NA,NA
2023-02-06,7,NA,NA,NA,NA,6
2023-02-07,NA,NA,NA,NA,NA,NA
2023-02-08,NA,NA,NA,NA,NA,NA
2023-02-09,NA,NA,NA,NA,NA,NA
2023-02-10,NA,NA,NA,NA,NA,NA
2023-02-11,NA,NA,NA,NA,NA,NA
2023-02-12,NA,NA,NA,NA,NA,NA
2023-02-13,NA,NA,NA,NA,NA,NA
2023-02-14,NA,NA,NA,NA,NA,NA
2023-02-15,NA,NA,NA,NA,NA,NA
2023-02-16,NA,NA,NA,NA,NA,NA
2023-02-17,NA,NA,NA,NA,NA,NA
2023-02-18,NA,NA,NA,NA,NA,NA
2023-02-19,NA,NA,NA,NA,NA,NA
2023-02-20,NA,NA,NA,NA,NA,NA
2023-02-21,5,NA,NA,NA,NA,NA
2023-02-22,NA,NA,NA,NA,NA,NA
2023-02-23,NA,NA,NA,NA,NA,NA
2023-02-24,6,NA,NA,NA,NA,5
2023-02-25,NA,NA,NA,NA,NA,NA
2023-02-26,NA,NA,NA,NA,NA,NA
2023-02-27,5,NA,NA,NA,NA,NA
2023-02-28,6,NA,NA,NA,NA,6
2023-03-01,NA,NA,NA,NA,NA,NA
2023-03-02,5,NA,NA,NA,NA,NA
2023-03-03,NA,NA,NA,NA,NA,NA
2023-03-04,NA,NA,NA,NA,NA,NA
2023-03-05,NA,NA,NA,NA,NA,NA
2023-03-06,NA,NA,NA,NA,NA,NA
2023-03-07,NA,NA,NA,NA,NA,NA
2023-03-08,NA,NA,NA,NA,NA,NA
2023-03-09,NA,NA,NA,NA,NA,NA
2023-03-10,NA,NA,NA,NA,NA,NA
2023-03-11,NA,NA,NA,NA,NA,NA
2023-03-12,7,NA,NA,NA,NA,NA
2023-03-13,NA,NA,NA,NA,NA,NA
2023-03-14,NA,NA,NA,NA,NA,NA
2023-03-15,8,NA,NA,NA,NA,7
2023-03-16,NA,NA,NA,NA,NA,NA
2023-03-17,8,NA,NA,NA,NA,7
2023-03-18,NA,NA,NA,NA,NA,NA
2023-03-19,NA,NA,NA,NA,NA,NA
2023-03-20,9,NA,NA,NA,NA,5
2023-03-21,NA,NA,NA,NA,NA,NA
2023-03-22,5,NA,NA,NA,NA,NA
2023-03-23,NA,NA,NA,NA,NA,NA
2023-03-24,6,NA,NA,NA,NA,5
2023-03-25,5,NA,NA,NA,NA,5
2023-03-26,NA,NA,NA,NA,NA,NA
2023-03-27,NA,NA,NA,NA,NA,NA
2023-03-28,5,NA,NA,NA,NA,NA
2023-03-29,6,NA,NA,NA,NA,6
2023-03-30,5,NA,NA,NA,NA,NA
2023-03-31,7,NA,NA,NA,NA,NA
2023-04-01,NA,NA,NA,NA,NA,NA
2023-04-02,NA,NA,NA,NA,NA,NA
2023-04-03,NA,NA,NA,NA,NA,NA
2023-04-04,NA,NA,NA,NA,NA,NA
2023-04-05,NA,NA,NA,NA,NA,NA
2023-04-06,5,NA,NA,NA,NA,5
2023-04-07,NA,NA,NA,NA,NA,NA
2023-04-08,NA,NA,NA,NA,NA,NA
2023-04-09,NA,NA,NA,NA,NA,NA
2023-04-10,NA,NA,NA,NA,NA,NA
2023-04-11,NA,NA,NA,NA,NA,NA
2023-04-12,6,NA,NA,NA,NA,5
2023-04-13,7,NA,NA,NA,NA,6
2023-04-14,NA,NA,NA,NA,NA,NA
2023-04-15,5,NA,NA,NA,NA,5
2023-04-16,NA,NA,NA,NA,NA,NA
2023-04-17,6,NA,NA,NA,NA,5
2023-04-18,NA,NA,NA,NA,NA,NA
2023-04-19,NA,NA,NA,NA,NA,NA
2023-04-20,5,NA,NA,NA,NA,NA
2023-04-21,NA,NA,NA,NA,NA,NA
2023-04-22,NA,NA,NA,NA,NA,NA
2023-04-23,NA,NA,NA,NA,NA,NA
2023-04-24,NA,NA,NA,NA,NA,NA
2023-04-25,NA,NA,NA,NA,NA,NA
2023-04-26,6,NA,NA,NA,NA,5
2023-04-27,NA,NA,NA,NA,NA,NA
2023-04-28,6,NA,NA,NA,NA,NA
2023-04-29,NA,NA,NA,NA,NA,NA
2023-04-30,NA,NA,NA,NA,NA,NA
2023-05-01,NA,NA,NA,NA,NA,NA
2023-05-02,NA,NA,NA,NA,NA,NA
2023-05-03,NA,NA,NA,NA,NA,NA
2023-05-04,NA,NA,NA,NA,NA,NA
2023-05-05,5,NA,NA,NA,NA,NA
2023-05-06,NA,NA,NA,NA,NA,NA
2023-05-07,NA,NA,NA,NA,NA,NA
2023-05-08,NA,NA,NA,NA,NA,NA
2023-05-09,NA,NA,NA,NA,NA,NA
2023-05-10,NA,NA,NA,NA,NA,NA
2023-05-11,NA,NA,NA,NA,NA,NA
2023-05-12,NA,NA,NA,NA,NA,NA
2023-05-13,NA,NA,NA,NA,NA,NA
2023-05-14,NA,NA,NA,NA,NA,NA
2023-05-15,NA,NA,NA,NA,NA,NA
2023-05-16,NA,NA,NA,NA,NA,NA
2023-05-17,NA,NA,NA,NA,NA,NA
2023-05-18,NA,NA,NA,NA,NA,NA
2023-05-19,NA,NA,NA,NA,NA,NA
2023-05-20,NA,NA,NA,NA,NA,NA
2023-05-21,NA,NA,NA,NA,NA,NA
2023-05-22,NA,NA,NA,NA,NA,NA
2023-05-23,NA,NA,NA,NA,NA,NA
2023-05-24,NA,NA,NA,NA,NA,NA
2023-05-25,NA,NA,NA,NA,NA,NA
2023-05-26,NA,NA,NA,NA,NA,NA
2023-05-27,NA,NA,NA,NA,NA,NA
2023-05-28,NA,NA,NA,NA,NA,NA
2023-05-29,NA,NA,NA,NA,NA,NA
2023-05-30,NA,NA,NA,NA,NA,NA
2023-05-31,NA,NA,NA,NA,NA,NA
2023-06-01,NA,NA,NA,NA,NA,NA
2023-06-02,NA,NA,NA,NA,NA,NA
2023-06-03,NA,NA,NA,NA,NA,NA
2023-06-04,NA,NA,NA,NA,NA,NA
2023-06-05,NA,NA,NA,NA,NA,NA
2023-06-06,NA,NA,NA,NA,NA,NA
2023-06-07,NA,NA,NA,NA,NA,NA
2023-06-08,5,NA,NA,NA,NA,NA
2023-06-09,NA,NA,NA,NA,NA,NA
2023-06-10,NA,NA,NA,NA,NA,NA
2023-06-11,NA,NA,NA,NA,NA,NA
2023-06-12,NA,NA,NA,NA,NA,NA
2023-06-13,NA,NA,NA,NA,NA,NA
2023-06-14,NA,NA,NA,NA,NA,NA
2023-06-15,NA,NA,NA,NA,NA,NA
2023-06-16,NA,NA,NA,NA,NA,NA
2023-06-17,NA,NA,NA,NA,NA,NA
2023-06-18,NA,NA,NA,NA,NA,NA
2023-06-19,NA,NA,NA,NA,NA,NA
2023-06-20,NA,NA,NA,NA,NA,NA
2023-06-21,NA,NA,NA,NA,NA,NA
2023-06-22,NA,NA,NA,NA,NA,NA
2023-06-23,NA,NA,NA,NA,NA,NA
2023-06-24,NA,NA,NA,NA,NA,NA
2023-06-25,NA,NA,NA,NA,NA,NA
2023-06-26,NA,NA,NA,NA,NA,NA
2023-06-27,NA,NA,NA,NA,NA,NA
2023-06-28,NA,NA,NA,NA,NA,NA
2023-06-29,NA,NA,NA,NA,NA,NA
2023-06-30,NA,NA,NA,NA,NA,NA
